{
  "graphs": [
    {
      "id": 0,
      "label": "Default",
      "nodes": [
        {
          "id": 0,
          "data": "?Crm___0___URI",
          "label": "CRM",
          "color": "#86cccc",
          "type": "crm",
          "varID": 0,
          "graph": "http://rdf.biogateway.eu/graph/crm",
          "class": "http://purl.obolibrary.org/obo/SO_0000727",
          "shape": "big ellipse",
          "font": {
            "color": "black"
          },
          "properties": {
            "involved in positive regulation of": {
              "uri": "http://purl.obolibrary.org/obo/RO_0002429",
              "data": "",
              "show": false,
              "type": "text",
              "transitive": false,
              "as": "",
              "operator": "="
            },
            "in taxon": {
              "uri": "http://purl.obolibrary.org/obo/RO_0002162",
              "data": "",
              "show": false,
              "type": "link",
              "transitive": false,
              "as": "",
              "operator": "="
            },
            "is instance of": {
              "uri": "http://www.w3.org/1999/02/22-rdf-syntax-ns#type",
              "data": "",
              "show": false,
              "type": "text",
              "transitive": false,
              "as": "",
              "operator": "="
            },
            "is defined by": {
              "uri": "http://www.w3.org/2000/01/rdf-schema#isDefinedBy",
              "data": "",
              "show": false,
              "type": "link",
              "transitive": false,
              "as": "",
              "operator": "="
            },
            "end position": {
              "uri": "http://purl.obolibrary.org/obo/GENO_0000895",
              "data": "",
              "show": true,
              "type": "number",
              "transitive": false,
              "as": "",
              "operator": "="
            },
            "start position": {
              "uri": "http://purl.obolibrary.org/obo/GENO_0000894",
              "data": "",
              "show": true,
              "type": "number",
              "transitive": false,
              "as": "",
              "operator": "="
            },
            "has name": {
              "uri": "http://www.w3.org/2004/02/skos/core#prefLabel",
              "data": "",
              "show": false,
              "type": "text",
              "transitive": false,
              "as": "",
              "operator": "="
            },
            "has definition": {
              "uri": "http://www.w3.org/2004/02/skos/core#definition",
              "data": "",
              "show": false,
              "type": "text",
              "transitive": false,
              "as": "",
              "operator": "="
            }
          },
          "classTransitive": false,
          "classOmmited": false,
          "classOmitted": false
        },
        {
          "id": 1,
          "data": "?Gene___0___URI",
          "label": "GENE",
          "color": "#1ec9ce",
          "type": "gene",
          "varID": 0,
          "graph": "http://rdf.biogateway.eu/graph/gene",
          "class": "http://semanticscience.org/resource/SIO_010035",
          "shape": "big ellipse",
          "font": {
            "color": "black"
          },
          "properties": {
            "is instance of": {
              "uri": "http://www.w3.org/1999/02/22-rdf-syntax-ns#type",
              "data": "",
              "show": false,
              "type": "text",
              "transitive": false,
              "as": "",
              "operator": "="
            },
            "in taxon": {
              "uri": "http://purl.obolibrary.org/obo/RO_0002162",
              "data": "",
              "show": false,
              "type": "link",
              "transitive": false,
              "as": "",
              "operator": "="
            },
            "part of": {
              "uri": "http://purl.obolibrary.org/obo/BFO_0000050",
              "data": "",
              "show": false,
              "type": "text",
              "transitive": false,
              "as": "",
              "operator": "="
            },
            "has definition": {
              "uri": "http://www.w3.org/2004/02/skos/core#definition",
              "data": "",
              "show": false,
              "type": "text",
              "transitive": false,
              "as": "",
              "operator": "="
            },
            "start position": {
              "uri": "http://purl.obolibrary.org/obo/GENO_0000894",
              "data": "",
              "show": false,
              "type": "number",
              "transitive": false,
              "as": "",
              "operator": "="
            },
            "has synonym": {
              "uri": "http://www.w3.org/2004/02/skos/core#altLabel",
              "data": "",
              "show": false,
              "type": "text",
              "transitive": false,
              "as": "",
              "operator": "="
            },
            "end position": {
              "uri": "http://purl.obolibrary.org/obo/GENO_0000895",
              "data": "",
              "show": true,
              "type": "number",
              "transitive": false,
              "as": "",
              "operator": "="
            },
            "has name": {
              "uri": "http://www.w3.org/2004/02/skos/core#prefLabel",
              "data": "TOX3",
              "show": true,
              "type": "text",
              "transitive": false,
              "as": "",
              "operator": "="
            }
          },
          "classTransitive": false,
          "classOmmited": false,
          "classOmitted": false
        },
        {
          "id": 2,
          "data": "?Chromosome___0___URI",
          "label": "CHROMOSOME",
          "color": "#27e5ff",
          "type": "chromosome",
          "varID": 0,
          "graph": "http://rdf.biogateway.eu/graph/tad",
          "class": "http://purl.obolibrary.org/obo/SO_0000340",
          "shape": "big ellipse",
          "font": {
            "color": "black"
          },
          "properties": {
            "is instance of": {
              "uri": "http://www.w3.org/1999/02/22-rdf-syntax-ns#type",
              "data": "",
              "show": false,
              "type": "text",
              "transitive": false,
              "as": "",
              "operator": "="
            },
            "has name": {
              "uri": "http://www.w3.org/2004/02/skos/core#prefLabel",
              "data": "",
              "show": false,
              "type": "text",
              "transitive": false,
              "as": "",
              "operator": "="
            },
            "category": {
              "uri": "https://w3id.org/biolink/vocab/category",
              "data": "",
              "show": false,
              "type": "text",
              "transitive": false,
              "as": "",
              "operator": "="
            }
          },
          "classTransitive": false,
          "classOmmited": false
        },
        {
          "id": 3,
          "data": [
            "http://purl.obolibrary.org/obo/UBERON_0000310"
          ],
          "label": "http://purl.obolibrary.org/obo/UBERON_0000310",
          "color": "#D3D3D3",
          "type": false,
          "varID": -1,
          "graph": "",
          "class": [
            "http://purl.obolibrary.org/obo/UBERON_0000310"
          ],
          "shape": "box",
          "font": {
            "color": "black"
          },
          "properties": {},
          "classTransitive": false,
          "classOmmited": false
        }
      ],
      "edges": [
        {
          "id": 0,
          "dashes": false,
          "from": 0,
          "to": 1,
          "label": "involved in positive regulation of",
          "data": "http://purl.obolibrary.org/obo/RO_0002429",
          "isOptional": false,
          "isTransitive": false,
          "isFromInstance": false,
          "arrows": {
            "to": {
              "enabled": true,
              "scaleFactor": 1,
              "type": "arrow"
            },
            "from": {
              "enabled": false
            }
          },
          "smooth": {
            "enabled": false
          },
          "width": 1,
          "chosen": true,
          "color": {
            "color": "#000000",
            "highlight": "#000000",
            "hover": "#000000",
            "inherit": false
          }
        },
        {
          "id": 1,
          "dashes": false,
          "from": 0,
          "to": 2,
          "label": "part of",
          "data": "http://purl.obolibrary.org/obo/BFO_0000050",
          "isOptional": false,
          "isTransitive": false,
          "isFromInstance": false,
          "arrows": {
            "to": {
              "enabled": true,
              "scaleFactor": 1,
              "type": "arrow"
            },
            "from": {
              "enabled": false
            }
          },
          "smooth": {
            "enabled": false
          },
          "width": 1,
          "chosen": true,
          "color": {
            "color": "#000000",
            "highlight": "#000000",
            "hover": "#000000",
            "inherit": false
          }
        },
        {
          "id": 2,
          "dashes": false,
          "from": 1,
          "to": 2,
          "label": "part of",
          "data": "http://purl.obolibrary.org/obo/BFO_0000050",
          "isOptional": false,
          "isTransitive": false,
          "isFromInstance": false,
          "arrows": {
            "to": {
              "enabled": true,
              "scaleFactor": 1,
              "type": "arrow"
            },
            "from": {
              "enabled": false
            }
          },
          "smooth": {
            "enabled": false
          },
          "width": 1,
          "chosen": true,
          "color": {
            "color": "#000000",
            "highlight": "#000000",
            "hover": "#000000",
            "inherit": false
          }
        },
        {
          "id": 3,
          "dashes": false,
          "from": 0,
          "to": 3,
          "label": "observed in",
          "data": "http://purl.obolibrary.org/obo/TXPO_0003500",
          "isOptional": false,
          "isTransitive": false,
          "isFromInstance": true,
          "arrows": {
            "to": {
              "enabled": true,
              "scaleFactor": 1,
              "type": "arrow"
            },
            "from": {
              "enabled": false
            }
          },
          "smooth": {
            "enabled": false
          },
          "width": 1,
          "chosen": true,
          "color": {
            "color": "#000000",
            "highlight": "#000000",
            "hover": "#000000",
            "inherit": false
          }
        }
      ],
      "bindings": [
        {
          "id": 1714650163320,
          "label": "enh_range",
          "operator": "-",
          "firstValue": {
            "label": "End position CRM 0",
            "key": "end position",
            "nodeLabel": "CRM 0",
            "isVar": true,
            "isFromNode": true,
            "nodeId": [
              0
            ],
            "propertyUri": "http://purl.obolibrary.org/obo/GENO_0000895",
            "type": "number"
          },
          "secondValue": {
            "label": "Start position CRM 0",
            "key": "start position",
            "nodeLabel": "CRM 0",
            "isVar": true,
            "isFromNode": true,
            "nodeId": [
              0
            ],
            "propertyUri": "http://purl.obolibrary.org/obo/GENO_0000894",
            "type": "number"
          },
          "showInResults": false,
          "isAbsolute": false
        },
        {
          "id": 1714650202274,
          "label": "enh_div",
          "operator": "/",
          "firstValue": {
            "label": "enh_range",
            "isFromNode": false,
            "isCustom": false,
            "bindingId": 1714650163320,
            "type": "custom"
          },
          "secondValue": {
            "isFromNode": false,
            "isCustom": true,
            "value": 2,
            "label": "Custom value (2)"
          },
          "showInResults": false,
          "isAbsolute": false
        },
        {
          "id": 1714650232178,
          "label": "enh_middle",
          "operator": "+",
          "firstValue": {
            "label": "enh_div",
            "isFromNode": false,
            "isCustom": false,
            "bindingId": 1714650202274,
            "type": "custom"
          },
          "secondValue": {
            "label": "Start position CRM 0",
            "key": "start position",
            "nodeLabel": "CRM 0",
            "isVar": true,
            "isFromNode": true,
            "nodeId": [
              0
            ],
            "propertyUri": "http://purl.obolibrary.org/obo/GENO_0000894",
            "type": "number"
          },
          "showInResults": true,
          "isAbsolute": false
        },
        {
          "id": 1714650277575,
          "label": "distance",
          "operator": "-",
          "firstValue": {
            "label": "End position GENE 0",
            "key": "end position",
            "nodeLabel": "GENE 0",
            "isVar": true,
            "isFromNode": true,
            "nodeId": [
              1
            ],
            "propertyUri": "http://purl.obolibrary.org/obo/GENO_0000895",
            "type": "number"
          },
          "secondValue": {
            "label": "enh_middle",
            "isFromNode": false,
            "isCustom": false,
            "bindingId": 1714650232178,
            "type": "custom"
          },
          "showInResults": true,
          "isAbsolute": true
        }
      ],
      "filters": []
    }
  ],
  "startingVar": {
    "0": {
      "isMetric": false,
      "varID": 0,
      "type": "crm",
      "label": "CRM 0",
      "uri_graph": "http://rdf.biogateway.eu/graph/crm",
      "instance": false,
      "class": true
    }
  },
  "isDistinct": true,
  "isCount": false
}