{
  "graphs": [
    {
      "id": 0,
      "label": "Default",
      "nodes": [
        {
          "id": 3,
          "data": 1,
          "label": "prefLabel",
          "color": "#C22535",
          "type": "graph",
          "varID": -1,
          "graph": null,
          "class": null,
          "shape": "circle",
          "font": {
            "color": "white"
          },
          "properties": {}
        },
        {
          "id": 4,
          "data": 2,
          "label": "altLabel",
          "color": "#C22535",
          "type": "graph",
          "varID": -1,
          "graph": null,
          "class": null,
          "shape": "circle",
          "font": {
            "color": "white"
          },
          "properties": {}
        },
        {
          "id": 5,
          "data": "?Omim___0___URI",
          "label": "OMIM",
          "color": "#e8b8a9",
          "type": "omim",
          "varID": 0,
          "graph": "http://rdf.biogateway.eu/graph/omim",
          "class": "http://www.w3.org/2002/07/owl#Thing",
          "shape": "big ellipse",
          "font": {
            "color": "black"
          },
          "properties": {
            "Has inheritance type": {
              "uri": "http://purl.bioontology.org/ontology/OMIM/has_inheritance_type",
              "data": "",
              "show": false,
              "type": "link",
              "transitive": false,
              "operator": "="
            },
            "is subclass of": {
              "uri": "http://www.w3.org/2000/01/rdf-schema#subClassOf",
              "data": "",
              "show": false,
              "type": "text",
              "transitive": false,
              "operator": "="
            },
            "Semantic type UMLS property": {
              "uri": "http://bioportal.bioontology.org/ontologies/umls/hasSTY",
              "data": "",
              "show": false,
              "type": "link",
              "transitive": false,
              "operator": "="
            },
            "Has manifestation": {
              "uri": "http://purl.bioontology.org/ontology/OMIM/has_manifestation",
              "data": "",
              "show": false,
              "type": "link",
              "transitive": false,
              "operator": "="
            },
            "imports": {
              "uri": "http://www.w3.org/2002/07/owl#imports",
              "data": "",
              "show": false,
              "type": "text",
              "transitive": false,
              "operator": "="
            },
            "rdf-schema#label": {
              "uri": "http://www.w3.org/2000/01/rdf-schema#label",
              "data": "",
              "show": false,
              "type": "text",
              "transitive": false,
              "operator": "="
            },
            "is instance of": {
              "uri": "http://www.w3.org/1999/02/22-rdf-syntax-ns#type",
              "data": "",
              "show": false,
              "type": "text",
              "transitive": false,
              "operator": "="
            },
            "has synonym": {
              "uri": "http://www.w3.org/2004/02/skos/core#altLabel",
              "data": "",
              "show": false,
              "type": "text",
              "transitive": false,
              "operator": "="
            },
            "Scope Statement": {
              "uri": "http://purl.bioontology.org/ontology/OMIM/SOS",
              "data": "",
              "show": false,
              "type": "text",
              "transitive": false,
              "operator": "="
            },
            "Gene Symbol": {
              "uri": "http://purl.bioontology.org/ontology/OMIM/GENESYMBOL",
              "data": "",
              "show": false,
              "type": "text",
              "transitive": false,
              "operator": "="
            },
            "Allelic variant of": {
              "uri": "http://purl.bioontology.org/ontology/OMIM/allelic_variant_of",
              "data": "",
              "show": false,
              "type": "text",
              "transitive": false,
              "operator": "="
            },
            "core#notation": {
              "uri": "http://www.w3.org/2004/02/skos/core#notation",
              "data": "",
              "show": false,
              "type": "text",
              "transitive": false,
              "operator": "="
            },
            "Has allelic variant": {
              "uri": "http://purl.bioontology.org/ontology/OMIM/has_allelic_variant",
              "data": "",
              "show": false,
              "type": "text",
              "transitive": false,
              "operator": "="
            },
            "Has phenotype": {
              "uri": "http://purl.bioontology.org/ontology/OMIM/has_phenotype",
              "data": "",
              "show": false,
              "type": "text",
              "transitive": false,
              "operator": "="
            },
            "Moved from": {
              "uri": "http://purl.bioontology.org/ontology/OMIM/MOVED_FROM",
              "data": "",
              "show": false,
              "type": "text",
              "transitive": false,
              "operator": "="
            },
            "cui": {
              "uri": "http://bioportal.bioontology.org/ontologies/umls/cui",
              "data": "",
              "show": false,
              "type": "text",
              "transitive": false,
              "operator": "="
            },
            "rdf-schema#comment": {
              "uri": "http://www.w3.org/2000/01/rdf-schema#comment",
              "data": "",
              "show": false,
              "type": "text",
              "transitive": false,
              "operator": "="
            },
            "Gene Locus": {
              "uri": "http://purl.bioontology.org/ontology/OMIM/GENELOCUS",
              "data": "",
              "show": false,
              "type": "text",
              "transitive": false,
              "operator": "="
            },
            "tui": {
              "uri": "http://bioportal.bioontology.org/ontologies/umls/tui",
              "data": "",
              "show": false,
              "type": "text",
              "transitive": false,
              "operator": "="
            },
            "versionInfo": {
              "uri": "http://www.w3.org/2002/07/owl#versionInfo",
              "data": "",
              "show": false,
              "type": "text",
              "transitive": false,
              "operator": "="
            },
            "Phenotype of": {
              "uri": "http://purl.bioontology.org/ontology/OMIM/phenotype_of",
              "data": "",
              "show": false,
              "type": "text",
              "transitive": false,
              "operator": "="
            },
            "MIMTYPEMEANING": {
              "uri": "http://purl.bioontology.org/ontology/OMIM/MIMTYPEMEANING",
              "data": "",
              "show": false,
              "type": "text",
              "transitive": false,
              "operator": "="
            },
            "Manifestation of": {
              "uri": "http://purl.bioontology.org/ontology/OMIM/manifestation_of",
              "data": "",
              "show": false,
              "type": "text",
              "transitive": false,
              "operator": "="
            },
            "Inheritance type of": {
              "uri": "http://purl.bioontology.org/ontology/OMIM/inheritance_type_of",
              "data": "",
              "show": false,
              "type": "text",
              "transitive": false,
              "operator": "="
            },
            "has name": {
              "uri": "http://www.w3.org/2004/02/skos/core#prefLabel",
              "data": "",
              "show": false,
              "type": "text",
              "transitive": false,
              "operator": "="
            },
            "OMIM MimType Value": {
              "uri": "http://purl.bioontology.org/ontology/OMIM/MIMTYPEVALUE",
              "data": "",
              "show": false,
              "type": "text",
              "transitive": false,
              "operator": "="
            },
            "OMIM Entry Type": {
              "uri": "http://purl.bioontology.org/ontology/OMIM/MIMTYPE",
              "data": "",
              "show": false,
              "type": "text",
              "transitive": false,
              "operator": "="
            }
          }
        },
        {
          "id": 6,
          "data": "?Gene2phen___0___URI",
          "label": "GENE2PHEN",
          "color": "#8dd246",
          "type": "gene2phen",
          "varID": 0,
          "graph": "http://rdf.biogateway.eu/graph/gene2phen",
          "class": "Triplet",
          "shape": "big ellipse",
          "font": {
            "color": "black"
          },
          "properties": {
            "is subclass of": {
              "uri": "http://www.w3.org/2000/01/rdf-schema#subClassOf",
              "data": "",
              "show": false,
              "type": "text",
              "transitive": false,
              "as": "",
              "operator": "="
            },
            "predicte": {
              "uri": "http://www.w3.org/1999/02/22-rdf-syntax-ns#predicate",
              "data": "",
              "show": false,
              "type": "text",
              "transitive": false,
              "as": "",
              "operator": "="
            },
            "involved in": {
              "uri": "http://purl.obolibrary.org/obo/RO_0002331",
              "data": "",
              "show": false,
              "type": "text",
              "transitive": false,
              "as": "",
              "operator": "="
            },
            "object": {
              "uri": "http://www.w3.org/1999/02/22-rdf-syntax-ns#object",
              "data": "",
              "show": false,
              "type": "text",
              "transitive": false,
              "as": "",
              "operator": "="
            },
            "has definition": {
              "uri": "http://www.w3.org/2004/02/skos/core#definition",
              "data": "",
              "show": false,
              "type": "text",
              "transitive": false,
              "as": "",
              "operator": "="
            },
            "is instance of": {
              "uri": "http://www.w3.org/1999/02/22-rdf-syntax-ns#type",
              "data": "",
              "show": false,
              "type": "text",
              "transitive": false,
              "as": "",
              "operator": "="
            },
            "has source": {
              "uri": "http://semanticscience.org/resource/SIO_000253",
              "data": "",
              "show": false,
              "type": "text",
              "transitive": false,
              "as": "",
              "operator": "="
            },
            "subject": {
              "uri": "http://www.w3.org/1999/02/22-rdf-syntax-ns#subject",
              "data": "",
              "show": false,
              "type": "text",
              "transitive": false,
              "as": "",
              "operator": "="
            },
            "has name": {
              "uri": "http://www.w3.org/2004/02/skos/core#prefLabel",
              "data": "",
              "show": false,
              "type": "text",
              "transitive": false,
              "as": "",
              "operator": "="
            }
          }
        },
        {
          "id": 7,
          "data": "?Gene___0___URI",
          "label": "GENE",
          "color": "#3db1fe",
          "type": "gene",
          "varID": 0,
          "graph": "http://rdf.biogateway.eu/graph/gene",
          "class": "http://semanticscience.org/resource/SIO_010035",
          "shape": "big ellipse",
          "font": {
            "color": "black"
          },
          "properties": {
            "part of": {
              "uri": "http://purl.obolibrary.org/obo/BFO_0000050",
              "data": "",
              "show": false,
              "type": "text",
              "transitive": false,
              "as": "",
              "operator": "="
            },
            "in taxon": {
              "uri": "http://purl.obolibrary.org/obo/RO_0002162",
              "data": "",
              "show": false,
              "type": "link",
              "transitive": false,
              "as": "",
              "operator": "="
            },
            "is instance of": {
              "uri": "http://www.w3.org/1999/02/22-rdf-syntax-ns#type",
              "data": "",
              "show": false,
              "type": "text",
              "transitive": false,
              "as": "",
              "operator": "="
            },
            "start position": {
              "uri": "http://purl.obolibrary.org/obo/GENO_0000894",
              "data": "",
              "show": false,
              "type": "number",
              "transitive": false,
              "as": "",
              "operator": "="
            },
            "has synonym": {
              "uri": "http://www.w3.org/2004/02/skos/core#altLabel",
              "data": "",
              "show": false,
              "type": "text",
              "transitive": false,
              "as": "",
              "operator": "="
            },
            "has definition": {
              "uri": "http://www.w3.org/2004/02/skos/core#definition",
              "data": "",
              "show": false,
              "type": "text",
              "transitive": false,
              "as": "",
              "operator": "="
            },
            "has name": {
              "uri": "http://www.w3.org/2004/02/skos/core#prefLabel",
              "data": "",
              "show": false,
              "type": "text",
              "transitive": false,
              "as": "",
              "operator": "="
            },
            "end position": {
              "uri": "http://purl.obolibrary.org/obo/GENO_0000895",
              "data": "",
              "show": false,
              "type": "number",
              "transitive": false,
              "as": "",
              "operator": "="
            }
          }
        },
        {
          "id": 8,
          "data": "?Protein___0___URI",
          "label": "PROTEIN",
          "color": "#f4aeb4",
          "type": "protein",
          "varID": 0,
          "graph": "http://rdf.biogateway.eu/graph/prot",
          "class": "http://semanticscience.org/resource/SIO_010043",
          "shape": "big ellipse",
          "font": {
            "color": "black"
          },
          "properties": {
            "is instance of": {
              "uri": "http://www.w3.org/1999/02/22-rdf-syntax-ns#type",
              "data": "",
              "show": false,
              "type": "text",
              "transitive": false,
              "as": "",
              "operator": "="
            },
            "in taxon": {
              "uri": "http://purl.obolibrary.org/obo/RO_0002162",
              "data": "",
              "show": false,
              "type": "link",
              "transitive": false,
              "as": "",
              "operator": "="
            },
            "part of": {
              "uri": "http://purl.obolibrary.org/obo/BFO_0000050",
              "data": "",
              "show": false,
              "type": "link",
              "transitive": false,
              "as": "",
              "operator": "="
            },
            "involved in": {
              "uri": "http://purl.obolibrary.org/obo/RO_0002331",
              "data": "",
              "show": false,
              "type": "link",
              "transitive": false,
              "as": "",
              "operator": "="
            },
            "enables": {
              "uri": "http://purl.obolibrary.org/obo/RO_0002327",
              "data": "",
              "show": false,
              "type": "link",
              "transitive": false,
              "as": "",
              "operator": "="
            },
            "is orthologous to": {
              "uri": "http://semanticscience.org/resource/SIO_000558",
              "data": "",
              "show": false,
              "type": "text",
              "transitive": false,
              "as": "",
              "operator": "="
            },
            "has definition": {
              "uri": "http://www.w3.org/2004/02/skos/core#definition",
              "data": "",
              "show": false,
              "type": "text",
              "transitive": false,
              "as": "",
              "operator": "="
            },
            "has evidence level": {
              "uri": "http://schema.org/evidenceLevel",
              "data": "",
              "show": false,
              "type": "text",
              "transitive": false,
              "as": "",
              "operator": "="
            },
            "has synonym": {
              "uri": "http://www.w3.org/2004/02/skos/core#altLabel",
              "data": "",
              "show": false,
              "type": "text",
              "transitive": false,
              "as": "",
              "operator": "="
            },
            "has name": {
              "uri": "http://www.w3.org/2004/02/skos/core#prefLabel",
              "data": "",
              "show": false,
              "type": "text",
              "transitive": false,
              "as": "",
              "operator": "="
            }
          }
        },
        {
          "id": 10,
          "data": "?Biological_process___0___URI",
          "label": "BIOLOGICAL_PROCESS",
          "color": "#fbab6e",
          "type": "biological_process",
          "varID": 0,
          "graph": "http://rdf.biogateway.eu/graph/go",
          "class": "http://purl.obolibrary.org/obo/GO_0008150",
          "shape": "big ellipse",
          "font": {
            "color": "black"
          },
          "properties": {
            "is instance of": {
              "uri": "http://www.w3.org/1999/02/22-rdf-syntax-ns#type",
              "data": "",
              "show": false,
              "type": "text",
              "transitive": false,
              "as": "",
              "operator": "="
            },
            "rdf-schema#label": {
              "uri": "http://www.w3.org/2000/01/rdf-schema#label",
              "data": "",
              "show": false,
              "type": "text",
              "transitive": false,
              "as": "",
              "operator": "="
            },
            "database_cross_reference": {
              "uri": "http://www.geneontology.org/formats/oboInOwl#hasDbXref",
              "data": "",
              "show": false,
              "type": "text",
              "transitive": false,
              "as": "",
              "operator": "="
            },
            "rdf-schema#comment": {
              "uri": "http://www.w3.org/2000/01/rdf-schema#comment",
              "data": "",
              "show": false,
              "type": "text",
              "transitive": false,
              "as": "",
              "operator": "="
            },
            "has_broad_synonym": {
              "uri": "http://www.geneontology.org/formats/oboInOwl#hasBroadSynonym",
              "data": "",
              "show": false,
              "type": "text",
              "transitive": false,
              "as": "",
              "operator": "="
            },
            "definition": {
              "uri": "http://purl.obolibrary.org/obo/IAO_0000115",
              "data": "",
              "show": false,
              "type": "text",
              "transitive": false,
              "as": "",
              "operator": "="
            },
            "has_narrow_synonym": {
              "uri": "http://www.geneontology.org/formats/oboInOwl#hasNarrowSynonym",
              "data": "",
              "show": false,
              "type": "text",
              "transitive": false,
              "as": "",
              "operator": "="
            },
            "has_exact_synonym": {
              "uri": "http://www.geneontology.org/formats/oboInOwl#hasExactSynonym",
              "data": "",
              "show": false,
              "type": "text",
              "transitive": false,
              "as": "",
              "operator": "="
            },
            "has_related_synonym": {
              "uri": "http://www.geneontology.org/formats/oboInOwl#hasRelatedSynonym",
              "data": "",
              "show": false,
              "type": "text",
              "transitive": false,
              "as": "",
              "operator": "="
            },
            "has_alternative_id": {
              "uri": "http://www.geneontology.org/formats/oboInOwl#hasAlternativeId",
              "data": "",
              "show": false,
              "type": "text",
              "transitive": false,
              "as": "",
              "operator": "="
            },
            "oboInOwl#id": {
              "uri": "http://www.geneontology.org/formats/oboInOwl#id",
              "data": "",
              "show": false,
              "type": "text",
              "transitive": false,
              "as": "",
              "operator": "="
            },
            "has_obo_namespace": {
              "uri": "http://www.geneontology.org/formats/oboInOwl#hasOBONamespace",
              "data": "",
              "show": false,
              "type": "text",
              "transitive": false,
              "as": "",
              "operator": "="
            },
            "in_subset": {
              "uri": "http://www.geneontology.org/formats/oboInOwl#inSubset",
              "data": "",
              "show": false,
              "type": "text",
              "transitive": false,
              "as": "",
              "operator": "="
            },
            "onProperty": {
              "uri": "http://www.w3.org/2002/07/owl#onProperty",
              "data": "",
              "show": false,
              "type": "text",
              "transitive": false,
              "as": "",
              "operator": "="
            }
          },
          "classTransitive": false,
          "classOmitted": true
        }
      ],
      "edges": [
        {
          "id": -1,
          "dashes": false,
          "from": 3,
          "to": 4,
          "label": "UNION",
          "data": "UNION",
          "isOptional": false,
          "isTransitive": false,
          "isFromInstance": false,
          "arrows": {
            "to": {
              "enabled": true,
              "scaleFactor": 1,
              "type": "arrow"
            },
            "from": {
              "enabled": true,
              "scaleFactor": 1,
              "type": "arrow"
            }
          },
          "smooth": {
            "enabled": true,
            "type": "curvedCW",
            "roundness": 0.5
          },
          "width": 2,
          "chosen": true,
          "color": {
            "color": "#848484",
            "highlight": "#848484",
            "hover": "#848484",
            "inherit": false
          },
          "isUnion": true
        },
        {
          "id": 0,
          "dashes": false,
          "from": 6,
          "to": 5,
          "label": "object",
          "data": "http://www.w3.org/1999/02/22-rdf-syntax-ns#object",
          "isOptional": false,
          "isTransitive": false,
          "isFromInstance": false,
          "arrows": {
            "to": {
              "enabled": true,
              "scaleFactor": 1,
              "type": "arrow"
            },
            "from": {
              "enabled": false
            }
          },
          "smooth": {
            "enabled": false
          },
          "width": 1,
          "chosen": true,
          "color": {
            "color": "#000000",
            "highlight": "#000000",
            "hover": "#000000",
            "inherit": false
          }
        },
        {
          "id": 1,
          "dashes": false,
          "from": 6,
          "to": 7,
          "label": "subject",
          "data": "http://www.w3.org/1999/02/22-rdf-syntax-ns#subject",
          "isOptional": false,
          "isTransitive": false,
          "isFromInstance": false,
          "arrows": {
            "to": {
              "enabled": true,
              "scaleFactor": 1,
              "type": "arrow"
            },
            "from": {
              "enabled": false
            }
          },
          "smooth": {
            "enabled": false
          },
          "width": 1,
          "chosen": true,
          "color": {
            "color": "#000000",
            "highlight": "#000000",
            "hover": "#000000",
            "inherit": false
          }
        },
        {
          "id": 2,
          "dashes": false,
          "from": 7,
          "to": 8,
          "label": "encodes",
          "data": "http://semanticscience.org/resource/SIO_010078",
          "isOptional": false,
          "isTransitive": false,
          "isFromInstance": false,
          "arrows": {
            "to": {
              "enabled": true,
              "scaleFactor": 1,
              "type": "arrow"
            },
            "from": {
              "enabled": false
            }
          },
          "smooth": {
            "enabled": false
          },
          "width": 1,
          "chosen": true,
          "color": {
            "color": "#000000",
            "highlight": "#000000",
            "hover": "#000000",
            "inherit": false
          }
        },
        {
          "id": 3,
          "dashes": true,
          "from": 8,
          "to": 10,
          "label": "involved in (Optional)",
          "data": "http://purl.obolibrary.org/obo/RO_0002331",
          "isOptional": true,
          "isTransitive": false,
          "isFromInstance": false,
          "arrows": {
            "to": {
              "enabled": true,
              "scaleFactor": 1,
              "type": "arrow"
            },
            "from": {
              "enabled": false
            }
          },
          "smooth": {
            "enabled": false
          },
          "width": 1,
          "chosen": true,
          "color": {
            "color": "#000000",
            "highlight": "#000000",
            "hover": "#000000",
            "inherit": false
          }
        }
      ],
      "bindings": [],
      "filters": [
        {
          "id": 1705490951529,
          "firstValue": {
            "key": "http://www.w3.org/2004/02/skos/core#prefLabel",
            "category": "text",
            "nodeType": "omim",
            "ids": [
              5,
              0,
              2
            ],
            "nodeVarID": 0,
            "asLabel": "label",
            "label": "label"
          },
          "comparator": "⊆",
          "secondValue": {
            "label": "breast cancer",
            "custom": true
          }
        }
      ]
    },
    {
      "id": 1,
      "label": "prefLabel",
      "nodes": [
        {
          "id": 0,
          "data": "?Omim___0___URI",
          "label": "OMIM",
          "color": "#e8b8a9",
          "type": "omim",
          "varID": 0,
          "graph": "http://rdf.biogateway.eu/graph/omim",
          "class": "http://www.w3.org/2002/07/owl#Thing",
          "shape": "big ellipse",
          "font": {
            "color": "black"
          },
          "properties": {
            "is subclass of": {
              "uri": "http://www.w3.org/2000/01/rdf-schema#subClassOf",
              "data": "",
              "show": false,
              "type": "link",
              "transitive": false,
              "as": "",
              "operator": "="
            },
            "Semantic type UMLS property": {
              "uri": "http://bioportal.bioontology.org/ontologies/umls/hasSTY",
              "data": "",
              "show": false,
              "type": "link",
              "transitive": false,
              "as": "",
              "operator": "="
            },
            "Has inheritance type": {
              "uri": "http://purl.bioontology.org/ontology/OMIM/has_inheritance_type",
              "data": "",
              "show": false,
              "type": "link",
              "transitive": false,
              "as": "",
              "operator": "="
            },
            "Has manifestation": {
              "uri": "http://purl.bioontology.org/ontology/OMIM/has_manifestation",
              "data": "",
              "show": false,
              "type": "link",
              "transitive": false,
              "as": "",
              "operator": "="
            },
            "rdf-schema#comment": {
              "uri": "http://www.w3.org/2000/01/rdf-schema#comment",
              "data": "",
              "show": false,
              "type": "text",
              "transitive": false,
              "as": "",
              "operator": "="
            },
            "rdf-schema#label": {
              "uri": "http://www.w3.org/2000/01/rdf-schema#label",
              "data": "",
              "show": false,
              "type": "text",
              "transitive": false,
              "as": "",
              "operator": "="
            },
            "versionInfo": {
              "uri": "http://www.w3.org/2002/07/owl#versionInfo",
              "data": "",
              "show": false,
              "type": "text",
              "transitive": false,
              "as": "",
              "operator": "="
            },
            "has name": {
              "uri": "http://www.w3.org/2004/02/skos/core#prefLabel",
              "data": "",
              "show": false,
              "type": "text",
              "transitive": false,
              "as": "label",
              "operator": "="
            },
            "tui": {
              "uri": "http://bioportal.bioontology.org/ontologies/umls/tui",
              "data": "",
              "show": false,
              "type": "text",
              "transitive": false,
              "as": "",
              "operator": "="
            },
            "has synonym": {
              "uri": "http://www.w3.org/2004/02/skos/core#altLabel",
              "data": "",
              "show": false,
              "type": "text",
              "transitive": false,
              "as": "",
              "operator": "="
            },
            "Gene Locus": {
              "uri": "http://purl.bioontology.org/ontology/OMIM/GENELOCUS",
              "data": "",
              "show": false,
              "type": "text",
              "transitive": false,
              "as": "",
              "operator": "="
            },
            "cui": {
              "uri": "http://bioportal.bioontology.org/ontologies/umls/cui",
              "data": "",
              "show": false,
              "type": "text",
              "transitive": false,
              "as": "",
              "operator": "="
            },
            "OMIM Entry Type": {
              "uri": "http://purl.bioontology.org/ontology/OMIM/MIMTYPE",
              "data": "",
              "show": false,
              "type": "text",
              "transitive": false,
              "as": "",
              "operator": "="
            },
            "OMIM MimType Value": {
              "uri": "http://purl.bioontology.org/ontology/OMIM/MIMTYPEVALUE",
              "data": "",
              "show": false,
              "type": "text",
              "transitive": false,
              "as": "",
              "operator": "="
            },
            "MIMTYPEMEANING": {
              "uri": "http://purl.bioontology.org/ontology/OMIM/MIMTYPEMEANING",
              "data": "",
              "show": false,
              "type": "text",
              "transitive": false,
              "as": "",
              "operator": "="
            },
            "Gene Symbol": {
              "uri": "http://purl.bioontology.org/ontology/OMIM/GENESYMBOL",
              "data": "",
              "show": false,
              "type": "text",
              "transitive": false,
              "as": "",
              "operator": "="
            },
            "Moved from": {
              "uri": "http://purl.bioontology.org/ontology/OMIM/MOVED_FROM",
              "data": "",
              "show": false,
              "type": "text",
              "transitive": false,
              "as": "",
              "operator": "="
            },
            "Scope Statement": {
              "uri": "http://purl.bioontology.org/ontology/OMIM/SOS",
              "data": "",
              "show": false,
              "type": "text",
              "transitive": false,
              "as": "",
              "operator": "="
            },
            "core#notation": {
              "uri": "http://www.w3.org/2004/02/skos/core#notation",
              "data": "",
              "show": false,
              "type": "text",
              "transitive": false,
              "as": "",
              "operator": "="
            },
            "imports": {
              "uri": "http://www.w3.org/2002/07/owl#imports",
              "data": "",
              "show": false,
              "type": "text",
              "transitive": false,
              "as": "",
              "operator": "="
            }
          },
          "classTransitive": false,
          "classOmitted": false
        }
      ],
      "edges": [],
      "bindings": [],
      "filters": []
    },
    {
      "id": 2,
      "label": "altLabel",
      "nodes": [
        {
          "id": 2,
          "data": "?Omim___0___URI",
          "label": "OMIM",
          "color": "#e8b8a9",
          "type": "omim",
          "varID": 0,
          "graph": "http://rdf.biogateway.eu/graph/omim",
          "class": "http://www.w3.org/2002/07/owl#Thing",
          "shape": "big ellipse",
          "font": {
            "color": "black"
          },
          "properties": {
            "is subclass of": {
              "uri": "http://www.w3.org/2000/01/rdf-schema#subClassOf",
              "data": "",
              "show": false,
              "type": "link",
              "transitive": false,
              "as": "",
              "operator": "="
            },
            "Semantic type UMLS property": {
              "uri": "http://bioportal.bioontology.org/ontologies/umls/hasSTY",
              "data": "",
              "show": false,
              "type": "link",
              "transitive": false,
              "as": "",
              "operator": "="
            },
            "Has inheritance type": {
              "uri": "http://purl.bioontology.org/ontology/OMIM/has_inheritance_type",
              "data": "",
              "show": false,
              "type": "link",
              "transitive": false,
              "as": "",
              "operator": "="
            },
            "Has manifestation": {
              "uri": "http://purl.bioontology.org/ontology/OMIM/has_manifestation",
              "data": "",
              "show": false,
              "type": "link",
              "transitive": false,
              "as": "",
              "operator": "="
            },
            "rdf-schema#comment": {
              "uri": "http://www.w3.org/2000/01/rdf-schema#comment",
              "data": "",
              "show": false,
              "type": "text",
              "transitive": false,
              "as": "",
              "operator": "="
            },
            "rdf-schema#label": {
              "uri": "http://www.w3.org/2000/01/rdf-schema#label",
              "data": "",
              "show": false,
              "type": "text",
              "transitive": false,
              "as": "",
              "operator": "="
            },
            "versionInfo": {
              "uri": "http://www.w3.org/2002/07/owl#versionInfo",
              "data": "",
              "show": false,
              "type": "text",
              "transitive": false,
              "as": "",
              "operator": "="
            },
            "has name": {
              "uri": "http://www.w3.org/2004/02/skos/core#prefLabel",
              "data": "",
              "show": false,
              "type": "text",
              "transitive": false,
              "as": "",
              "operator": "="
            },
            "tui": {
              "uri": "http://bioportal.bioontology.org/ontologies/umls/tui",
              "data": "",
              "show": false,
              "type": "text",
              "transitive": false,
              "as": "",
              "operator": "="
            },
            "has synonym": {
              "uri": "http://www.w3.org/2004/02/skos/core#altLabel",
              "data": "",
              "show": false,
              "type": "text",
              "transitive": false,
              "as": "label",
              "operator": "="
            },
            "Gene Locus": {
              "uri": "http://purl.bioontology.org/ontology/OMIM/GENELOCUS",
              "data": "",
              "show": false,
              "type": "text",
              "transitive": false,
              "as": "",
              "operator": "="
            },
            "cui": {
              "uri": "http://bioportal.bioontology.org/ontologies/umls/cui",
              "data": "",
              "show": false,
              "type": "text",
              "transitive": false,
              "as": "",
              "operator": "="
            },
            "OMIM Entry Type": {
              "uri": "http://purl.bioontology.org/ontology/OMIM/MIMTYPE",
              "data": "",
              "show": false,
              "type": "text",
              "transitive": false,
              "as": "",
              "operator": "="
            },
            "OMIM MimType Value": {
              "uri": "http://purl.bioontology.org/ontology/OMIM/MIMTYPEVALUE",
              "data": "",
              "show": false,
              "type": "text",
              "transitive": false,
              "as": "",
              "operator": "="
            },
            "MIMTYPEMEANING": {
              "uri": "http://purl.bioontology.org/ontology/OMIM/MIMTYPEMEANING",
              "data": "",
              "show": false,
              "type": "text",
              "transitive": false,
              "as": "",
              "operator": "="
            },
            "Gene Symbol": {
              "uri": "http://purl.bioontology.org/ontology/OMIM/GENESYMBOL",
              "data": "",
              "show": false,
              "type": "text",
              "transitive": false,
              "as": "",
              "operator": "="
            },
            "Moved from": {
              "uri": "http://purl.bioontology.org/ontology/OMIM/MOVED_FROM",
              "data": "",
              "show": false,
              "type": "text",
              "transitive": false,
              "as": "",
              "operator": "="
            },
            "Scope Statement": {
              "uri": "http://purl.bioontology.org/ontology/OMIM/SOS",
              "data": "",
              "show": false,
              "type": "text",
              "transitive": false,
              "as": "",
              "operator": "="
            },
            "core#notation": {
              "uri": "http://www.w3.org/2004/02/skos/core#notation",
              "data": "",
              "show": false,
              "type": "text",
              "transitive": false,
              "as": "",
              "operator": "="
            },
            "imports": {
              "uri": "http://www.w3.org/2002/07/owl#imports",
              "data": "",
              "show": false,
              "type": "text",
              "transitive": false,
              "as": "",
              "operator": "="
            }
          },
          "classTransitive": false,
          "classOmitted": false
        }
      ],
      "edges": [],
      "bindings": [],
      "filters": []
    }
  ],
  "startingVar": {
    "5": {
      "isMetric": false,
      "varID": 0,
      "type": "omim",
      "label": "OMIM 0",
      "uri_graph": "http://rdf.biogateway.eu/graph/omim",
      "instance": false,
      "class": true
    },
    "7": {
      "isMetric": false,
      "varID": 0,
      "type": "gene",
      "label": "GENE 0",
      "uri_graph": "http://rdf.biogateway.eu/graph/gene",
      "instance": false,
      "class": true
    },
    "8": {
      "isMetric": false,
      "varID": 0,
      "type": "protein",
      "label": "PROTEIN 0",
      "uri_graph": "http://rdf.biogateway.eu/graph/prot",
      "instance": false,
      "class": true
    },
    "10": {
      "isMetric": false,
      "varID": 0,
      "type": "biological_process",
      "label": "BIOLOGICAL_PROCESS 0",
      "uri_graph": "http://rdf.biogateway.eu/graph/go",
      "instance": false,
      "class": true
    }
  },
  "isDistinct": true,
  "isCount": false
}