{
  "graphs": [
    {
      "id": 0,
      "label": "Default",
      "nodes": [
        {
          "id": 3,
          "data": 1,
          "label": "prefLabel",
          "color": "#C22535",
          "type": "graph",
          "varID": -1,
          "graph": null,
          "class": null,
          "shape": "circle",
          "font": {
            "color": "white"
          },
          "properties": {}
        },
        {
          "id": 4,
          "data": 2,
          "label": "altLabel",
          "color": "#C22535",
          "type": "graph",
          "varID": -1,
          "graph": null,
          "class": null,
          "shape": "circle",
          "font": {
            "color": "white"
          },
          "properties": {}
        },
        {
          "id": 5,
          "data": "?Omim___0___URI",
          "label": "OMIM",
          "color": "#e8b8a9",
          "type": "omim",
          "varID": 0,
          "graph": "http://rdf.biogateway.eu/graph/omim",
          "class": "http://www.w3.org/2002/07/owl#Thing",
          "shape": "big ellipse",
          "font": {
            "color": "black"
          },
          "properties": {
            "Has inheritance type": {
              "uri": "http://purl.bioontology.org/ontology/OMIM/has_inheritance_type",
              "data": "",
              "show": false,
              "type": "link",
              "transitive": false,
              "operator": "="
            },
            "is subclass of": {
              "uri": "http://www.w3.org/2000/01/rdf-schema#subClassOf",
              "data": "",
              "show": false,
              "type": "text",
              "transitive": false,
              "operator": "="
            },
            "Semantic type UMLS property": {
              "uri": "http://bioportal.bioontology.org/ontologies/umls/hasSTY",
              "data": "",
              "show": false,
              "type": "link",
              "transitive": false,
              "operator": "="
            },
            "Has manifestation": {
              "uri": "http://purl.bioontology.org/ontology/OMIM/has_manifestation",
              "data": "",
              "show": false,
              "type": "link",
              "transitive": false,
              "operator": "="
            },
            "imports": {
              "uri": "http://www.w3.org/2002/07/owl#imports",
              "data": "",
              "show": false,
              "type": "text",
              "transitive": false,
              "operator": "="
            },
            "rdf-schema#label": {
              "uri": "http://www.w3.org/2000/01/rdf-schema#label",
              "data": "",
              "show": false,
              "type": "text",
              "transitive": false,
              "operator": "="
            },
            "is instance of": {
              "uri": "http://www.w3.org/1999/02/22-rdf-syntax-ns#type",
              "data": "",
              "show": false,
              "type": "text",
              "transitive": false,
              "operator": "="
            },
            "has synonym": {
              "uri": "http://www.w3.org/2004/02/skos/core#altLabel",
              "data": "",
              "show": false,
              "type": "text",
              "transitive": false,
              "operator": "="
            },
            "Scope Statement": {
              "uri": "http://purl.bioontology.org/ontology/OMIM/SOS",
              "data": "",
              "show": false,
              "type": "text",
              "transitive": false,
              "operator": "="
            },
            "Gene Symbol": {
              "uri": "http://purl.bioontology.org/ontology/OMIM/GENESYMBOL",
              "data": "",
              "show": false,
              "type": "text",
              "transitive": false,
              "operator": "="
            },
            "Allelic variant of": {
              "uri": "http://purl.bioontology.org/ontology/OMIM/allelic_variant_of",
              "data": "",
              "show": false,
              "type": "text",
              "transitive": false,
              "operator": "="
            },
            "core#notation": {
              "uri": "http://www.w3.org/2004/02/skos/core#notation",
              "data": "",
              "show": false,
              "type": "text",
              "transitive": false,
              "operator": "="
            },
            "Has allelic variant": {
              "uri": "http://purl.bioontology.org/ontology/OMIM/has_allelic_variant",
              "data": "",
              "show": false,
              "type": "text",
              "transitive": false,
              "operator": "="
            },
            "Has phenotype": {
              "uri": "http://purl.bioontology.org/ontology/OMIM/has_phenotype",
              "data": "",
              "show": false,
              "type": "text",
              "transitive": false,
              "operator": "="
            },
            "Moved from": {
              "uri": "http://purl.bioontology.org/ontology/OMIM/MOVED_FROM",
              "data": "",
              "show": false,
              "type": "text",
              "transitive": false,
              "operator": "="
            },
            "cui": {
              "uri": "http://bioportal.bioontology.org/ontologies/umls/cui",
              "data": "",
              "show": false,
              "type": "text",
              "transitive": false,
              "operator": "="
            },
            "rdf-schema#comment": {
              "uri": "http://www.w3.org/2000/01/rdf-schema#comment",
              "data": "",
              "show": false,
              "type": "text",
              "transitive": false,
              "operator": "="
            },
            "Gene Locus": {
              "uri": "http://purl.bioontology.org/ontology/OMIM/GENELOCUS",
              "data": "",
              "show": false,
              "type": "text",
              "transitive": false,
              "operator": "="
            },
            "tui": {
              "uri": "http://bioportal.bioontology.org/ontologies/umls/tui",
              "data": "",
              "show": false,
              "type": "text",
              "transitive": false,
              "operator": "="
            },
            "versionInfo": {
              "uri": "http://www.w3.org/2002/07/owl#versionInfo",
              "data": "",
              "show": false,
              "type": "text",
              "transitive": false,
              "operator": "="
            },
            "Phenotype of": {
              "uri": "http://purl.bioontology.org/ontology/OMIM/phenotype_of",
              "data": "",
              "show": false,
              "type": "text",
              "transitive": false,
              "operator": "="
            },
            "MIMTYPEMEANING": {
              "uri": "http://purl.bioontology.org/ontology/OMIM/MIMTYPEMEANING",
              "data": "",
              "show": false,
              "type": "text",
              "transitive": false,
              "operator": "="
            },
            "Manifestation of": {
              "uri": "http://purl.bioontology.org/ontology/OMIM/manifestation_of",
              "data": "",
              "show": false,
              "type": "text",
              "transitive": false,
              "operator": "="
            },
            "Inheritance type of": {
              "uri": "http://purl.bioontology.org/ontology/OMIM/inheritance_type_of",
              "data": "",
              "show": false,
              "type": "text",
              "transitive": false,
              "operator": "="
            },
            "has name": {
              "uri": "http://www.w3.org/2004/02/skos/core#prefLabel",
              "data": "",
              "show": false,
              "type": "text",
              "transitive": false,
              "operator": "="
            },
            "OMIM MimType Value": {
              "uri": "http://purl.bioontology.org/ontology/OMIM/MIMTYPEVALUE",
              "data": "",
              "show": false,
              "type": "text",
              "transitive": false,
              "operator": "="
            },
            "OMIM Entry Type": {
              "uri": "http://purl.bioontology.org/ontology/OMIM/MIMTYPE",
              "data": "",
              "show": false,
              "type": "text",
              "transitive": false,
              "operator": "="
            }
          }
        },
        {
          "id": 6,
          "data": "?Gene2phen___0___URI",
          "label": "GENE2PHEN",
          "color": "#f4aeb4",
          "type": "gene2phen",
          "varID": 0,
          "graph": "http://rdf.biogateway.eu/graph/gene2phen",
          "class": "Triplet",
          "shape": "big ellipse",
          "font": {
            "color": "black"
          },
          "properties": {
            "is instance of": {
              "uri": "http://www.w3.org/1999/02/22-rdf-syntax-ns#type",
              "data": "",
              "show": false,
              "type": "text",
              "transitive": false,
              "as": "",
              "operator": "="
            },
            "has name": {
              "uri": "http://www.w3.org/2004/02/skos/core#prefLabel",
              "data": "",
              "show": false,
              "type": "text",
              "transitive": false,
              "as": "",
              "operator": "="
            },
            "has definition": {
              "uri": "http://www.w3.org/2004/02/skos/core#definition",
              "data": "",
              "show": false,
              "type": "text",
              "transitive": false,
              "as": "",
              "operator": "="
            }
          }
        },
        {
          "id": 7,
          "data": "?Gene___0___URI",
          "label": "GENE",
          "color": "#fe903f",
          "type": "gene",
          "varID": 0,
          "graph": "http://rdf.biogateway.eu/graph/gene",
          "class": "http://semanticscience.org/resource/SIO_010035",
          "shape": "big ellipse",
          "font": {
            "color": "black"
          },
          "properties": {
            "is instance of": {
              "uri": "http://www.w3.org/1999/02/22-rdf-syntax-ns#type",
              "data": "",
              "show": false,
              "type": "text",
              "transitive": false,
              "as": "",
              "operator": "="
            },
            "in taxon": {
              "uri": "http://purl.obolibrary.org/obo/RO_0002162",
              "data": "",
              "show": false,
              "type": "link",
              "transitive": false,
              "as": "",
              "operator": "="
            },
            "part of": {
              "uri": "http://purl.obolibrary.org/obo/BFO_0000050",
              "data": "",
              "show": false,
              "type": "text",
              "transitive": false,
              "as": "",
              "operator": "="
            },
            "has definition": {
              "uri": "http://www.w3.org/2004/02/skos/core#definition",
              "data": "",
              "show": false,
              "type": "text",
              "transitive": false,
              "as": "",
              "operator": "="
            },
            "end position": {
              "uri": "http://purl.obolibrary.org/obo/GENO_0000895",
              "data": "",
              "show": false,
              "type": "number",
              "transitive": false,
              "as": "",
              "operator": "="
            },
            "start position": {
              "uri": "http://purl.obolibrary.org/obo/GENO_0000894",
              "data": "",
              "show": false,
              "type": "number",
              "transitive": false,
              "as": "",
              "operator": "="
            },
            "has name": {
              "uri": "http://www.w3.org/2004/02/skos/core#prefLabel",
              "data": "",
              "show": false,
              "type": "text",
              "transitive": false,
              "as": "",
              "operator": "="
            },
            "has synonym": {
              "uri": "http://www.w3.org/2004/02/skos/core#altLabel",
              "data": "",
              "show": false,
              "type": "text",
              "transitive": false,
              "as": "",
              "operator": "="
            }
          }
        },
        {
          "id": 8,
          "data": "?Crm2gene___0___URI",
          "label": "CRM2GENE",
          "color": "#a6c8a7",
          "type": "crm2gene",
          "varID": 0,
          "graph": "http://rdf.biogateway.eu/graph/crm2gene",
          "class": "Triplet",
          "shape": "big ellipse",
          "font": {
            "color": "black"
          },
          "properties": {
            "is instance of": {
              "uri": "http://www.w3.org/1999/02/22-rdf-syntax-ns#type",
              "data": "",
              "show": false,
              "type": "text",
              "transitive": false,
              "as": "",
              "operator": "="
            },
            "has definition": {
              "uri": "http://www.w3.org/2004/02/skos/core#definition",
              "data": "",
              "show": false,
              "type": "text",
              "transitive": false,
              "as": "",
              "operator": "="
            },
            "has name": {
              "uri": "http://www.w3.org/2004/02/skos/core#prefLabel",
              "data": "",
              "show": false,
              "type": "text",
              "transitive": false,
              "as": "",
              "operator": "="
            },
            "is defined by": {
              "uri": "http://www.w3.org/2000/01/rdf-schema#isDefinedBy",
              "data": "",
              "show": false,
              "type": "text",
              "transitive": false,
              "as": "",
              "operator": "="
            }
          }
        },
        {
          "id": 9,
          "data": "?Crm___0___URI",
          "label": "CRM",
          "color": "#86cccc",
          "type": "crm",
          "varID": 0,
          "graph": "http://rdf.biogateway.eu/graph/crm",
          "class": "http://purl.obolibrary.org/obo/SO_0000727",
          "shape": "big ellipse",
          "font": {
            "color": "black"
          },
          "properties": {
            "involved in positive regulation of": {
              "uri": "http://purl.obolibrary.org/obo/RO_0002429",
              "data": "",
              "show": false,
              "type": "text",
              "transitive": false,
              "as": "",
              "operator": "="
            },
            "in taxon": {
              "uri": "http://purl.obolibrary.org/obo/RO_0002162",
              "data": "",
              "show": false,
              "type": "link",
              "transitive": false,
              "as": "",
              "operator": "="
            },
            "is instance of": {
              "uri": "http://www.w3.org/1999/02/22-rdf-syntax-ns#type",
              "data": "",
              "show": false,
              "type": "text",
              "transitive": false,
              "as": "",
              "operator": "="
            },
            "has definition": {
              "uri": "http://www.w3.org/2004/02/skos/core#definition",
              "data": "",
              "show": false,
              "type": "text",
              "transitive": false,
              "as": "",
              "operator": "="
            },
            "has name": {
              "uri": "http://www.w3.org/2004/02/skos/core#prefLabel",
              "data": "",
              "show": false,
              "type": "text",
              "transitive": false,
              "as": "",
              "operator": "="
            },
            "end position": {
              "uri": "http://purl.obolibrary.org/obo/GENO_0000895",
              "data": "",
              "show": false,
              "type": "number",
              "transitive": false,
              "as": "",
              "operator": "="
            },
            "start position": {
              "uri": "http://purl.obolibrary.org/obo/GENO_0000894",
              "data": "",
              "show": false,
              "type": "number",
              "transitive": false,
              "as": "",
              "operator": "="
            }
          }
        },
        {
          "id": 11,
          "data": [
            "http://purl.obolibrary.org/obo/UBERON_0000310"
          ],
          "label": "http://purl.obolibrary.org/obo/UBERON_0000310",
          "color": "#D3D3D3",
          "type": "uri",
          "varID": -1,
          "graph": "",
          "class": [
            "http://purl.obolibrary.org/obo/UBERON_0000310"
          ],
          "shape": "box",
          "font": {
            "color": "black"
          },
          "properties": {}
        },
        {
          "id": 12,
          "data": "?Database___0___URI",
          "label": "DATABASE",
          "color": "#fb95de",
          "type": "database",
          "varID": 0,
          "graph": "http://rdf.biogateway.eu/graph/crm2phen",
          "class": "http://purl.obolibrary.org/obo/NCIT_C15426",
          "shape": "big ellipse",
          "font": {
            "color": "black"
          },
          "properties": {
            "is instance of": {
              "uri": "http://www.w3.org/1999/02/22-rdf-syntax-ns#type",
              "data": "",
              "show": false,
              "type": "text",
              "transitive": false,
              "as": "",
              "operator": "="
            },
            "has name": {
              "uri": "http://www.w3.org/2004/02/skos/core#prefLabel",
              "data": "",
              "show": false,
              "type": "text",
              "transitive": false,
              "as": "",
              "operator": "="
            },
            "category": {
              "uri": "https://w3id.org/biolink/vocab/category",
              "data": "",
              "show": false,
              "type": "text",
              "transitive": false,
              "as": "",
              "operator": "="
            }
          }
        }
      ],
      "edges": [
        {
          "id": -1,
          "dashes": false,
          "from": 3,
          "to": 4,
          "label": "UNION",
          "data": "UNION",
          "isOptional": false,
          "isTransitive": false,
          "isFromInstance": false,
          "arrows": {
            "to": {
              "enabled": true,
              "scaleFactor": 1,
              "type": "arrow"
            },
            "from": {
              "enabled": true,
              "scaleFactor": 1,
              "type": "arrow"
            }
          },
          "smooth": {
            "enabled": true,
            "type": "curvedCW",
            "roundness": 0.5
          },
          "width": 2,
          "chosen": true,
          "color": {
            "color": "#848484",
            "highlight": "#848484",
            "hover": "#848484",
            "inherit": false
          },
          "isUnion": true
        },
        {
          "id": 0,
          "dashes": false,
          "from": 6,
          "to": 5,
          "label": "object",
          "data": "http://www.w3.org/1999/02/22-rdf-syntax-ns#object",
          "isOptional": false,
          "isTransitive": false,
          "isFromInstance": false,
          "arrows": {
            "to": {
              "enabled": true,
              "scaleFactor": 1,
              "type": "arrow"
            },
            "from": {
              "enabled": false
            }
          },
          "smooth": {
            "enabled": false
          },
          "width": 1,
          "chosen": true,
          "color": {
            "color": "#000000",
            "highlight": "#000000",
            "hover": "#000000",
            "inherit": false
          }
        },
        {
          "id": 1,
          "dashes": false,
          "from": 6,
          "to": 7,
          "label": "subject",
          "data": "http://www.w3.org/1999/02/22-rdf-syntax-ns#subject",
          "isOptional": false,
          "isTransitive": false,
          "isFromInstance": false,
          "arrows": {
            "to": {
              "enabled": true,
              "scaleFactor": 1,
              "type": "arrow"
            },
            "from": {
              "enabled": false
            }
          },
          "smooth": {
            "enabled": false
          },
          "width": 1,
          "chosen": true,
          "color": {
            "color": "#000000",
            "highlight": "#000000",
            "hover": "#000000",
            "inherit": false
          }
        },
        {
          "id": 2,
          "dashes": false,
          "from": 8,
          "to": 7,
          "label": "object",
          "data": "http://www.w3.org/1999/02/22-rdf-syntax-ns#object",
          "isOptional": false,
          "isTransitive": false,
          "isFromInstance": false,
          "arrows": {
            "to": {
              "enabled": true,
              "scaleFactor": 1,
              "type": "arrow"
            },
            "from": {
              "enabled": false
            }
          },
          "smooth": {
            "enabled": false
          },
          "width": 1,
          "chosen": true,
          "color": {
            "color": "#000000",
            "highlight": "#000000",
            "hover": "#000000",
            "inherit": false
          }
        },
        {
          "id": 3,
          "dashes": false,
          "from": 8,
          "to": 9,
          "label": "subject",
          "data": "http://www.w3.org/1999/02/22-rdf-syntax-ns#subject",
          "isOptional": false,
          "isTransitive": false,
          "isFromInstance": false,
          "arrows": {
            "to": {
              "enabled": true,
              "scaleFactor": 1,
              "type": "arrow"
            },
            "from": {
              "enabled": false
            }
          },
          "smooth": {
            "enabled": false
          },
          "width": 1,
          "chosen": true,
          "color": {
            "color": "#000000",
            "highlight": "#000000",
            "hover": "#000000",
            "inherit": false
          }
        },
        {
          "id": 5,
          "dashes": false,
          "from": 8,
          "to": 11,
          "label": "observed in",
          "data": "http://purl.obolibrary.org/obo/TXPO_0003500",
          "isOptional": false,
          "isTransitive": false,
          "isFromInstance": true,
          "arrows": {
            "to": {
              "enabled": true,
              "scaleFactor": 1,
              "type": "arrow"
            },
            "from": {
              "enabled": false
            }
          },
          "smooth": {
            "enabled": false
          },
          "width": 1,
          "chosen": true,
          "color": {
            "color": "#000000",
            "highlight": "#000000",
            "hover": "#000000",
            "inherit": false
          }
        },
        {
          "id": 6,
          "dashes": false,
          "from": 9,
          "to": 12,
          "label": "has source",
          "data": "http://semanticscience.org/resource/SIO_000253",
          "isOptional": false,
          "isTransitive": false,
          "isFromInstance": true,
          "arrows": {
            "to": {
              "enabled": true,
              "scaleFactor": 1,
              "type": "arrow"
            },
            "from": {
              "enabled": false
            }
          },
          "smooth": {
            "enabled": false
          },
          "width": 1,
          "chosen": true,
          "color": {
            "color": "#000000",
            "highlight": "#000000",
            "hover": "#000000",
            "inherit": false
          }
        }
      ],
      "bindings": [],
      "filters": [
        {
          "id": 1705490951529,
          "firstValue": {
            "key": "http://www.w3.org/2004/02/skos/core#prefLabel",
            "category": "text",
            "nodeType": "omim",
            "ids": [
              5,
              0,
              2
            ],
            "nodeVarID": 0,
            "asLabel": "label",
            "label": "label"
          },
          "comparator": "⊆",
          "secondValue": {
            "label": "breast cancer",
            "custom": true
          }
        }
      ]
    },
    {
      "id": 1,
      "label": "prefLabel",
      "nodes": [
        {
          "id": 0,
          "data": "?Omim___0___URI",
          "label": "OMIM",
          "color": "#e8b8a9",
          "type": "omim",
          "varID": 0,
          "graph": "http://rdf.biogateway.eu/graph/omim",
          "class": "http://www.w3.org/2002/07/owl#Thing",
          "shape": "big ellipse",
          "font": {
            "color": "black"
          },
          "properties": {
            "is subclass of": {
              "uri": "http://www.w3.org/2000/01/rdf-schema#subClassOf",
              "data": "",
              "show": false,
              "type": "link",
              "transitive": false,
              "as": "",
              "operator": "="
            },
            "Semantic type UMLS property": {
              "uri": "http://bioportal.bioontology.org/ontologies/umls/hasSTY",
              "data": "",
              "show": false,
              "type": "link",
              "transitive": false,
              "as": "",
              "operator": "="
            },
            "Has inheritance type": {
              "uri": "http://purl.bioontology.org/ontology/OMIM/has_inheritance_type",
              "data": "",
              "show": false,
              "type": "link",
              "transitive": false,
              "as": "",
              "operator": "="
            },
            "Has manifestation": {
              "uri": "http://purl.bioontology.org/ontology/OMIM/has_manifestation",
              "data": "",
              "show": false,
              "type": "link",
              "transitive": false,
              "as": "",
              "operator": "="
            },
            "rdf-schema#comment": {
              "uri": "http://www.w3.org/2000/01/rdf-schema#comment",
              "data": "",
              "show": false,
              "type": "text",
              "transitive": false,
              "as": "",
              "operator": "="
            },
            "versionInfo": {
              "uri": "http://www.w3.org/2002/07/owl#versionInfo",
              "data": "",
              "show": false,
              "type": "text",
              "transitive": false,
              "as": "",
              "operator": "="
            },
            "has synonym": {
              "uri": "http://www.w3.org/2004/02/skos/core#altLabel",
              "data": "",
              "show": false,
              "type": "text",
              "transitive": false,
              "as": "",
              "operator": "="
            },
            "rdf-schema#label": {
              "uri": "http://www.w3.org/2000/01/rdf-schema#label",
              "data": "",
              "show": false,
              "type": "text",
              "transitive": false,
              "as": "",
              "operator": "="
            },
            "cui": {
              "uri": "http://bioportal.bioontology.org/ontologies/umls/cui",
              "data": "",
              "show": false,
              "type": "text",
              "transitive": false,
              "as": "",
              "operator": "="
            },
            "tui": {
              "uri": "http://bioportal.bioontology.org/ontologies/umls/tui",
              "data": "",
              "show": false,
              "type": "text",
              "transitive": false,
              "as": "",
              "operator": "="
            },
            "Gene Locus": {
              "uri": "http://purl.bioontology.org/ontology/OMIM/GENELOCUS",
              "data": "",
              "show": false,
              "type": "text",
              "transitive": false,
              "as": "",
              "operator": "="
            },
            "Gene Symbol": {
              "uri": "http://purl.bioontology.org/ontology/OMIM/GENESYMBOL",
              "data": "",
              "show": false,
              "type": "text",
              "transitive": false,
              "as": "",
              "operator": "="
            },
            "has name": {
              "uri": "http://www.w3.org/2004/02/skos/core#prefLabel",
              "data": "",
              "show": false,
              "type": "text",
              "transitive": false,
              "as": "label",
              "operator": "="
            },
            "OMIM Entry Type": {
              "uri": "http://purl.bioontology.org/ontology/OMIM/MIMTYPE",
              "data": "",
              "show": false,
              "type": "text",
              "transitive": false,
              "as": "",
              "operator": "="
            },
            "OMIM MimType Value": {
              "uri": "http://purl.bioontology.org/ontology/OMIM/MIMTYPEVALUE",
              "data": "",
              "show": false,
              "type": "text",
              "transitive": false,
              "as": "",
              "operator": "="
            },
            "MIMTYPEMEANING": {
              "uri": "http://purl.bioontology.org/ontology/OMIM/MIMTYPEMEANING",
              "data": "",
              "show": false,
              "type": "text",
              "transitive": false,
              "as": "",
              "operator": "="
            },
            "Moved from": {
              "uri": "http://purl.bioontology.org/ontology/OMIM/MOVED_FROM",
              "data": "",
              "show": false,
              "type": "text",
              "transitive": false,
              "as": "",
              "operator": "="
            },
            "Scope Statement": {
              "uri": "http://purl.bioontology.org/ontology/OMIM/SOS",
              "data": "",
              "show": false,
              "type": "text",
              "transitive": false,
              "as": "",
              "operator": "="
            },
            "core#notation": {
              "uri": "http://www.w3.org/2004/02/skos/core#notation",
              "data": "",
              "show": false,
              "type": "text",
              "transitive": false,
              "as": "",
              "operator": "="
            },
            "imports": {
              "uri": "http://www.w3.org/2002/07/owl#imports",
              "data": "",
              "show": false,
              "type": "text",
              "transitive": false,
              "as": "",
              "operator": "="
            }
          }
        }
      ],
      "edges": [],
      "bindings": [],
      "filters": []
    },
    {
      "id": 2,
      "label": "altLabel",
      "nodes": [
        {
          "id": 2,
          "data": "?Omim___0___URI",
          "label": "OMIM",
          "color": "#e8b8a9",
          "type": "omim",
          "varID": 0,
          "graph": "http://rdf.biogateway.eu/graph/omim",
          "class": "http://www.w3.org/2002/07/owl#Thing",
          "shape": "big ellipse",
          "font": {
            "color": "black"
          },
          "properties": {
            "is subclass of": {
              "uri": "http://www.w3.org/2000/01/rdf-schema#subClassOf",
              "data": "",
              "show": false,
              "type": "link",
              "transitive": false,
              "as": "",
              "operator": "="
            },
            "Semantic type UMLS property": {
              "uri": "http://bioportal.bioontology.org/ontologies/umls/hasSTY",
              "data": "",
              "show": false,
              "type": "link",
              "transitive": false,
              "as": "",
              "operator": "="
            },
            "Has inheritance type": {
              "uri": "http://purl.bioontology.org/ontology/OMIM/has_inheritance_type",
              "data": "",
              "show": false,
              "type": "link",
              "transitive": false,
              "as": "",
              "operator": "="
            },
            "Has manifestation": {
              "uri": "http://purl.bioontology.org/ontology/OMIM/has_manifestation",
              "data": "",
              "show": false,
              "type": "link",
              "transitive": false,
              "as": "",
              "operator": "="
            },
            "rdf-schema#comment": {
              "uri": "http://www.w3.org/2000/01/rdf-schema#comment",
              "data": "",
              "show": false,
              "type": "text",
              "transitive": false,
              "as": "",
              "operator": "="
            },
            "versionInfo": {
              "uri": "http://www.w3.org/2002/07/owl#versionInfo",
              "data": "",
              "show": false,
              "type": "text",
              "transitive": false,
              "as": "",
              "operator": "="
            },
            "has synonym": {
              "uri": "http://www.w3.org/2004/02/skos/core#altLabel",
              "data": "",
              "show": false,
              "type": "text",
              "transitive": false,
              "as": "label",
              "operator": "="
            },
            "rdf-schema#label": {
              "uri": "http://www.w3.org/2000/01/rdf-schema#label",
              "data": "",
              "show": false,
              "type": "text",
              "transitive": false,
              "as": "",
              "operator": "="
            },
            "cui": {
              "uri": "http://bioportal.bioontology.org/ontologies/umls/cui",
              "data": "",
              "show": false,
              "type": "text",
              "transitive": false,
              "as": "",
              "operator": "="
            },
            "tui": {
              "uri": "http://bioportal.bioontology.org/ontologies/umls/tui",
              "data": "",
              "show": false,
              "type": "text",
              "transitive": false,
              "as": "",
              "operator": "="
            },
            "Gene Locus": {
              "uri": "http://purl.bioontology.org/ontology/OMIM/GENELOCUS",
              "data": "",
              "show": false,
              "type": "text",
              "transitive": false,
              "as": "",
              "operator": "="
            },
            "Gene Symbol": {
              "uri": "http://purl.bioontology.org/ontology/OMIM/GENESYMBOL",
              "data": "",
              "show": false,
              "type": "text",
              "transitive": false,
              "as": "",
              "operator": "="
            },
            "has name": {
              "uri": "http://www.w3.org/2004/02/skos/core#prefLabel",
              "data": "",
              "show": false,
              "type": "text",
              "transitive": false,
              "as": "",
              "operator": "="
            },
            "OMIM Entry Type": {
              "uri": "http://purl.bioontology.org/ontology/OMIM/MIMTYPE",
              "data": "",
              "show": false,
              "type": "text",
              "transitive": false,
              "as": "",
              "operator": "="
            },
            "OMIM MimType Value": {
              "uri": "http://purl.bioontology.org/ontology/OMIM/MIMTYPEVALUE",
              "data": "",
              "show": false,
              "type": "text",
              "transitive": false,
              "as": "",
              "operator": "="
            },
            "MIMTYPEMEANING": {
              "uri": "http://purl.bioontology.org/ontology/OMIM/MIMTYPEMEANING",
              "data": "",
              "show": false,
              "type": "text",
              "transitive": false,
              "as": "",
              "operator": "="
            },
            "Moved from": {
              "uri": "http://purl.bioontology.org/ontology/OMIM/MOVED_FROM",
              "data": "",
              "show": false,
              "type": "text",
              "transitive": false,
              "as": "",
              "operator": "="
            },
            "Scope Statement": {
              "uri": "http://purl.bioontology.org/ontology/OMIM/SOS",
              "data": "",
              "show": false,
              "type": "text",
              "transitive": false,
              "as": "",
              "operator": "="
            },
            "core#notation": {
              "uri": "http://www.w3.org/2004/02/skos/core#notation",
              "data": "",
              "show": false,
              "type": "text",
              "transitive": false,
              "as": "",
              "operator": "="
            },
            "imports": {
              "uri": "http://www.w3.org/2002/07/owl#imports",
              "data": "",
              "show": false,
              "type": "text",
              "transitive": false,
              "as": "",
              "operator": "="
            }
          }
        }
      ],
      "edges": [],
      "bindings": [],
      "filters": []
    }
  ],
  "startingVar": {
    "0": {
      "isMetric": false,
      "varID": 0,
      "type": "omim",
      "label": "OMIM 0",
      "uri_graph": "http://rdf.biogateway.eu/graph/omim",
      "instance": false,
      "class": true
    },
    "2": {
      "isMetric": false,
      "varID": 0,
      "type": "omim",
      "label": "OMIM 0",
      "uri_graph": "http://rdf.biogateway.eu/graph/omim",
      "instance": false,
      "class": true
    },
    "5": {
      "isMetric": false,
      "varID": 0,
      "type": "omim",
      "label": "OMIM 0",
      "uri_graph": "http://rdf.biogateway.eu/graph/omim",
      "instance": false,
      "class": true
    },
    "7": {
      "isMetric": false,
      "varID": 0,
      "type": "gene",
      "label": "GENE 0",
      "uri_graph": "http://rdf.biogateway.eu/graph/gene",
      "instance": false,
      "class": true
    },
    "9": {
      "isMetric": false,
      "varID": 0,
      "type": "crm",
      "label": "CRM 0",
      "uri_graph": "http://rdf.biogateway.eu/graph/crm",
      "instance": false,
      "class": true
    },
    "12": {
      "isMetric": false,
      "varID": 0,
      "type": "database",
      "label": "DATABASE 0",
      "uri_graph": "http://rdf.biogateway.eu/graph/crm2phen",
      "instance": false,
      "class": true
    }
  },
  "isDistinct": true,
  "isCount": false
}