{
  "graphs": [
    {
      "id": 0,
      "label": "Default",
      "nodes": [
        {
          "id": 2,
          "data": 1,
          "label": "prefLabel",
          "color": "#C22535",
          "type": "graph",
          "varID": -1,
          "graph": null,
          "class": null,
          "shape": "circle",
          "font": {
            "color": "white"
          },
          "properties": {},
          "classTransitive": false,
          "classOmmited": false
        },
        {
          "id": 3,
          "data": 2,
          "label": "altLabel",
          "color": "#C22535",
          "type": "graph",
          "varID": -1,
          "graph": null,
          "class": null,
          "shape": "circle",
          "font": {
            "color": "white"
          },
          "properties": {},
          "classTransitive": false,
          "classOmmited": false
        },
        {
          "id": 4,
          "data": "?Gene2phen___0___URI",
          "label": "GENE2PHEN",
          "color": "#e9c11e",
          "type": "gene2phen",
          "varID": 0,
          "graph": "http://rdf.biogateway.eu/graph/gene2phen",
          "class": "Triplet",
          "shape": "big ellipse",
          "font": {
            "color": "black"
          },
          "properties": {
            "is instance of": {
              "uri": "http://www.w3.org/1999/02/22-rdf-syntax-ns#type",
              "data": "",
              "show": false,
              "type": "text",
              "transitive": false,
              "as": "",
              "operator": "="
            },
            "has definition": {
              "uri": "http://www.w3.org/2004/02/skos/core#definition",
              "data": "",
              "show": false,
              "type": "text",
              "transitive": false,
              "as": "",
              "operator": "="
            },
            "has name": {
              "uri": "http://www.w3.org/2004/02/skos/core#prefLabel",
              "data": "",
              "show": false,
              "type": "text",
              "transitive": false,
              "as": "",
              "operator": "="
            }
          },
          "classTransitive": false,
          "classOmmited": false
        },
        {
          "id": 5,
          "data": "?Gene___0___URI",
          "label": "GENE",
          "color": "#1ec9ce",
          "type": "gene",
          "varID": 0,
          "graph": "http://rdf.biogateway.eu/graph/gene",
          "class": "http://semanticscience.org/resource/SIO_010035",
          "shape": "big ellipse",
          "font": {
            "color": "black"
          },
          "properties": {
            "is instance of": {
              "uri": "http://www.w3.org/1999/02/22-rdf-syntax-ns#type",
              "data": "",
              "show": false,
              "type": "text",
              "transitive": false,
              "as": "",
              "operator": "="
            },
            "part of": {
              "uri": "http://purl.obolibrary.org/obo/BFO_0000050",
              "data": "",
              "show": false,
              "type": "text",
              "transitive": false,
              "as": "",
              "operator": "="
            },
            "in taxon": {
              "uri": "http://purl.obolibrary.org/obo/RO_0002162",
              "data": "",
              "show": false,
              "type": "link",
              "transitive": false,
              "as": "",
              "operator": "="
            },
            "end position": {
              "uri": "http://purl.obolibrary.org/obo/GENO_0000895",
              "data": "",
              "show": false,
              "type": "number",
              "transitive": false,
              "as": "",
              "operator": "="
            },
            "start position": {
              "uri": "http://purl.obolibrary.org/obo/GENO_0000894",
              "data": "",
              "show": false,
              "type": "number",
              "transitive": false,
              "as": "",
              "operator": "="
            },
            "has definition": {
              "uri": "http://www.w3.org/2004/02/skos/core#definition",
              "data": "",
              "show": false,
              "type": "text",
              "transitive": false,
              "as": "",
              "operator": "="
            },
            "has synonym": {
              "uri": "http://www.w3.org/2004/02/skos/core#altLabel",
              "data": "",
              "show": false,
              "type": "text",
              "transitive": false,
              "as": "",
              "operator": "="
            },
            "has name": {
              "uri": "http://www.w3.org/2004/02/skos/core#prefLabel",
              "data": "",
              "show": false,
              "type": "text",
              "transitive": false,
              "as": "",
              "operator": "="
            }
          },
          "classTransitive": false,
          "classOmmited": false
        },
        {
          "id": 6,
          "data": "?Omim___0___URI",
          "label": "OMIM",
          "color": "#d1a689",
          "type": "omim",
          "varID": 0,
          "graph": "http://rdf.biogateway.eu/graph/omim",
          "class": "http://www.w3.org/2002/07/owl#Thing",
          "shape": "big ellipse",
          "font": {
            "color": "black"
          },
          "properties": {
            "is subclass of": {
              "uri": "http://www.w3.org/2000/01/rdf-schema#subClassOf",
              "data": "",
              "show": false,
              "type": "link",
              "transitive": false,
              "as": "",
              "operator": "="
            },
            "Semantic type UMLS property": {
              "uri": "http://bioportal.bioontology.org/ontologies/umls/hasSTY",
              "data": "",
              "show": false,
              "type": "link",
              "transitive": false,
              "as": "",
              "operator": "="
            },
            "Has manifestation": {
              "uri": "http://purl.bioontology.org/ontology/OMIM/has_manifestation",
              "data": "",
              "show": false,
              "type": "link",
              "transitive": false,
              "as": "",
              "operator": "="
            },
            "Has inheritance type": {
              "uri": "http://purl.bioontology.org/ontology/OMIM/has_inheritance_type",
              "data": "",
              "show": false,
              "type": "link",
              "transitive": false,
              "as": "",
              "operator": "="
            },
            "versionInfo": {
              "uri": "http://www.w3.org/2002/07/owl#versionInfo",
              "data": "",
              "show": false,
              "type": "text",
              "transitive": false,
              "as": "",
              "operator": "="
            },
            "tui": {
              "uri": "http://bioportal.bioontology.org/ontologies/umls/tui",
              "data": "",
              "show": false,
              "type": "text",
              "transitive": false,
              "as": "",
              "operator": "="
            },
            "rdf-schema#label": {
              "uri": "http://www.w3.org/2000/01/rdf-schema#label",
              "data": "",
              "show": false,
              "type": "text",
              "transitive": false,
              "as": "",
              "operator": "="
            },
            "has synonym": {
              "uri": "http://www.w3.org/2004/02/skos/core#altLabel",
              "data": "",
              "show": false,
              "type": "text",
              "transitive": false,
              "as": "",
              "operator": "="
            },
            "Gene Symbol": {
              "uri": "http://purl.bioontology.org/ontology/OMIM/GENESYMBOL",
              "data": "",
              "show": false,
              "type": "text",
              "transitive": false,
              "as": "",
              "operator": "="
            },
            "MIMTYPEMEANING": {
              "uri": "http://purl.bioontology.org/ontology/OMIM/MIMTYPEMEANING",
              "data": "",
              "show": false,
              "type": "text",
              "transitive": false,
              "as": "",
              "operator": "="
            },
            "has name": {
              "uri": "http://www.w3.org/2004/02/skos/core#prefLabel",
              "data": "",
              "show": false,
              "type": "text",
              "transitive": false,
              "as": "",
              "operator": "="
            },
            "Moved from": {
              "uri": "http://purl.bioontology.org/ontology/OMIM/MOVED_FROM",
              "data": "",
              "show": false,
              "type": "text",
              "transitive": false,
              "as": "",
              "operator": "="
            },
            "core#notation": {
              "uri": "http://www.w3.org/2004/02/skos/core#notation",
              "data": "",
              "show": false,
              "type": "text",
              "transitive": false,
              "as": "",
              "operator": "="
            },
            "cui": {
              "uri": "http://bioportal.bioontology.org/ontologies/umls/cui",
              "data": "",
              "show": false,
              "type": "text",
              "transitive": false,
              "as": "",
              "operator": "="
            },
            "OMIM MimType Value": {
              "uri": "http://purl.bioontology.org/ontology/OMIM/MIMTYPEVALUE",
              "data": "",
              "show": false,
              "type": "text",
              "transitive": false,
              "as": "",
              "operator": "="
            },
            "rdf-schema#comment": {
              "uri": "http://www.w3.org/2000/01/rdf-schema#comment",
              "data": "",
              "show": false,
              "type": "text",
              "transitive": false,
              "as": "",
              "operator": "="
            },
            "Gene Locus": {
              "uri": "http://purl.bioontology.org/ontology/OMIM/GENELOCUS",
              "data": "",
              "show": false,
              "type": "text",
              "transitive": false,
              "as": "",
              "operator": "="
            },
            "OMIM Entry Type": {
              "uri": "http://purl.bioontology.org/ontology/OMIM/MIMTYPE",
              "data": "",
              "show": false,
              "type": "text",
              "transitive": false,
              "as": "",
              "operator": "="
            },
            "Scope Statement": {
              "uri": "http://purl.bioontology.org/ontology/OMIM/SOS",
              "data": "",
              "show": false,
              "type": "text",
              "transitive": false,
              "as": "",
              "operator": "="
            },
            "imports": {
              "uri": "http://www.w3.org/2002/07/owl#imports",
              "data": "",
              "show": false,
              "type": "text",
              "transitive": false,
              "as": "",
              "operator": "="
            }
          },
          "classTransitive": false,
          "classOmmited": false
        },
        {
          "id": 7,
          "data": "?Crm2gene___0___URI",
          "label": "CRM2GENE",
          "color": "#98d0ed",
          "type": "crm2gene",
          "varID": 0,
          "graph": "http://rdf.biogateway.eu/graph/crm2gene",
          "class": "Triplet",
          "shape": "big ellipse",
          "font": {
            "color": "black"
          },
          "properties": {
            "is instance of": {
              "uri": "http://www.w3.org/1999/02/22-rdf-syntax-ns#type",
              "data": "",
              "show": false,
              "type": "text",
              "transitive": false,
              "as": "",
              "operator": "="
            },
            "has definition": {
              "uri": "http://www.w3.org/2004/02/skos/core#definition",
              "data": "",
              "show": false,
              "type": "text",
              "transitive": false,
              "as": "",
              "operator": "="
            },
            "has name": {
              "uri": "http://www.w3.org/2004/02/skos/core#prefLabel",
              "data": "",
              "show": false,
              "type": "text",
              "transitive": false,
              "as": "",
              "operator": "="
            },
            "is defined by": {
              "uri": "http://www.w3.org/2000/01/rdf-schema#isDefinedBy",
              "data": "",
              "show": false,
              "type": "text",
              "transitive": false,
              "as": "",
              "operator": "="
            }
          },
          "classTransitive": false,
          "classOmmited": false
        },
        {
          "id": 8,
          "data": "?Crm___0___URI",
          "label": "CRM",
          "color": "#86cccc",
          "type": "crm",
          "varID": 0,
          "graph": "http://rdf.biogateway.eu/graph/crm",
          "class": "http://purl.obolibrary.org/obo/SO_0000727",
          "shape": "big ellipse",
          "font": {
            "color": "black"
          },
          "properties": {
            "involved in positive regulation of": {
              "uri": "http://purl.obolibrary.org/obo/RO_0002429",
              "data": "",
              "show": false,
              "type": "text",
              "transitive": false,
              "as": "",
              "operator": "="
            },
            "in taxon": {
              "uri": "http://purl.obolibrary.org/obo/RO_0002162",
              "data": "",
              "show": false,
              "type": "link",
              "transitive": false,
              "as": "",
              "operator": "="
            },
            "is instance of": {
              "uri": "http://www.w3.org/1999/02/22-rdf-syntax-ns#type",
              "data": "",
              "show": false,
              "type": "text",
              "transitive": false,
              "as": "",
              "operator": "="
            },
            "is defined by": {
              "uri": "http://www.w3.org/2000/01/rdf-schema#isDefinedBy",
              "data": "",
              "show": false,
              "type": "link",
              "transitive": false,
              "as": "",
              "operator": "="
            },
            "has definition": {
              "uri": "http://www.w3.org/2004/02/skos/core#definition",
              "data": "",
              "show": false,
              "type": "text",
              "transitive": false,
              "as": "",
              "operator": "="
            },
            "start position": {
              "uri": "http://purl.obolibrary.org/obo/GENO_0000894",
              "data": "",
              "show": false,
              "type": "number",
              "transitive": false,
              "as": "",
              "operator": "="
            },
            "end position": {
              "uri": "http://purl.obolibrary.org/obo/GENO_0000895",
              "data": "",
              "show": false,
              "type": "number",
              "transitive": false,
              "as": "",
              "operator": "="
            },
            "has name": {
              "uri": "http://www.w3.org/2004/02/skos/core#prefLabel",
              "data": "",
              "show": false,
              "type": "text",
              "transitive": false,
              "as": "",
              "operator": "="
            }
          },
          "classTransitive": false,
          "classOmmited": false
        },
        {
          "id": 9,
          "data": "?Database___0___URI",
          "label": "DATABASE",
          "color": "#d9b747",
          "type": "database",
          "varID": 0,
          "graph": "http://rdf.biogateway.eu/graph/crm2phen",
          "class": "http://purl.obolibrary.org/obo/NCIT_C15426",
          "shape": "big ellipse",
          "font": {
            "color": "black"
          },
          "properties": {
            "is instance of": {
              "uri": "http://www.w3.org/1999/02/22-rdf-syntax-ns#type",
              "data": "",
              "show": false,
              "type": "text",
              "transitive": false,
              "as": "",
              "operator": "="
            },
            "has name": {
              "uri": "http://www.w3.org/2004/02/skos/core#prefLabel",
              "data": "",
              "show": false,
              "type": "text",
              "transitive": false,
              "as": "",
              "operator": "="
            },
            "category": {
              "uri": "https://w3id.org/biolink/vocab/category",
              "data": "",
              "show": false,
              "type": "text",
              "transitive": false,
              "as": "",
              "operator": "="
            }
          },
          "classTransitive": false,
          "classOmmited": false
        },
        {
          "id": 10,
          "data": [
            "http://purl.obolibrary.org/obo/UBERON_0000310"
          ],
          "label": "http://purl.obolibrary.org/obo/UBERON_0000310",
          "color": "#D3D3D3",
          "type": false,
          "varID": -1,
          "graph": "",
          "class": [
            "http://purl.obolibrary.org/obo/UBERON_0000310"
          ],
          "shape": "box",
          "font": {
            "color": "black"
          },
          "properties": {},
          "classTransitive": false,
          "classOmmited": false
        },
        {
          "id": 11,
          "data": "?Gene___1___URI",
          "label": "GENE",
          "color": "#1ec9ce",
          "type": "gene",
          "varID": 1,
          "graph": "http://rdf.biogateway.eu/graph/gene",
          "class": "http://semanticscience.org/resource/SIO_010035",
          "shape": "big ellipse",
          "font": {
            "color": "black"
          },
          "properties": {
            "is instance of": {
              "uri": "http://www.w3.org/1999/02/22-rdf-syntax-ns#type",
              "data": "",
              "show": false,
              "type": "text",
              "transitive": false,
              "as": "",
              "operator": "="
            },
            "part of": {
              "uri": "http://purl.obolibrary.org/obo/BFO_0000050",
              "data": "",
              "show": false,
              "type": "text",
              "transitive": false,
              "as": "",
              "operator": "="
            },
            "in taxon": {
              "uri": "http://purl.obolibrary.org/obo/RO_0002162",
              "data": "",
              "show": false,
              "type": "link",
              "transitive": false,
              "as": "",
              "operator": "="
            },
            "end position": {
              "uri": "http://purl.obolibrary.org/obo/GENO_0000895",
              "data": "",
              "show": false,
              "type": "number",
              "transitive": false,
              "as": "",
              "operator": "="
            },
            "start position": {
              "uri": "http://purl.obolibrary.org/obo/GENO_0000894",
              "data": "",
              "show": false,
              "type": "number",
              "transitive": false,
              "as": "",
              "operator": "="
            },
            "has definition": {
              "uri": "http://www.w3.org/2004/02/skos/core#definition",
              "data": "",
              "show": false,
              "type": "text",
              "transitive": false,
              "as": "",
              "operator": "="
            },
            "has synonym": {
              "uri": "http://www.w3.org/2004/02/skos/core#altLabel",
              "data": "",
              "show": false,
              "type": "text",
              "transitive": false,
              "as": "",
              "operator": "="
            },
            "has name": {
              "uri": "http://www.w3.org/2004/02/skos/core#prefLabel",
              "data": "",
              "show": false,
              "type": "text",
              "transitive": false,
              "as": "",
              "operator": "="
            }
          },
          "classTransitive": false,
          "classOmmited": false
        },
        {
          "id": 12,
          "data": "?Protein___0___URI",
          "label": "PROTEIN",
          "color": "#f4aeb4",
          "type": "protein",
          "varID": 0,
          "graph": "http://rdf.biogateway.eu/graph/prot",
          "class": "http://semanticscience.org/resource/SIO_010043",
          "shape": "big ellipse",
          "font": {
            "color": "black"
          },
          "properties": {
            "enables": {
              "uri": "http://purl.obolibrary.org/obo/RO_0002327",
              "data": "",
              "show": false,
              "type": "link",
              "transitive": false,
              "as": "",
              "operator": "="
            },
            "is orthologous to": {
              "uri": "http://semanticscience.org/resource/SIO_000558",
              "data": "",
              "show": false,
              "type": "text",
              "transitive": false,
              "as": "",
              "operator": "="
            },
            "part of": {
              "uri": "http://purl.obolibrary.org/obo/BFO_0000050",
              "data": "",
              "show": false,
              "type": "link",
              "transitive": false,
              "as": "",
              "operator": "="
            },
            "in taxon": {
              "uri": "http://purl.obolibrary.org/obo/RO_0002162",
              "data": "",
              "show": false,
              "type": "link",
              "transitive": false,
              "as": "",
              "operator": "="
            },
            "is instance of": {
              "uri": "http://www.w3.org/1999/02/22-rdf-syntax-ns#type",
              "data": "",
              "show": false,
              "type": "text",
              "transitive": false,
              "as": "",
              "operator": "="
            },
            "involved in": {
              "uri": "http://purl.obolibrary.org/obo/RO_0002331",
              "data": "",
              "show": false,
              "type": "link",
              "transitive": false,
              "as": "",
              "operator": "="
            },
            "has definition": {
              "uri": "http://www.w3.org/2004/02/skos/core#definition",
              "data": "",
              "show": false,
              "type": "text",
              "transitive": false,
              "as": "",
              "operator": "="
            },
            "has evidence level": {
              "uri": "http://schema.org/evidenceLevel",
              "data": "",
              "show": false,
              "type": "text",
              "transitive": false,
              "as": "",
              "operator": "="
            },
            "has synonym": {
              "uri": "http://www.w3.org/2004/02/skos/core#altLabel",
              "data": "",
              "show": false,
              "type": "text",
              "transitive": false,
              "as": "",
              "operator": "="
            },
            "has name": {
              "uri": "http://www.w3.org/2004/02/skos/core#prefLabel",
              "data": "",
              "show": false,
              "type": "text",
              "transitive": false,
              "as": "",
              "operator": "="
            }
          },
          "classTransitive": false,
          "classOmmited": false
        },
        {
          "id": 13,
          "data": "?Prot2bp___0___URI",
          "label": "PROT2BP",
          "color": "#d4bb7b",
          "type": "prot2bp",
          "varID": 0,
          "graph": "http://rdf.biogateway.eu/graph/prot2bp",
          "class": "Triplet",
          "shape": "big ellipse",
          "font": {
            "color": "black"
          },
          "properties": {
            "is instance of": {
              "uri": "http://www.w3.org/1999/02/22-rdf-syntax-ns#type",
              "data": "",
              "show": false,
              "type": "text",
              "transitive": false,
              "as": "",
              "operator": "="
            },
            "has name": {
              "uri": "http://www.w3.org/2004/02/skos/core#prefLabel",
              "data": "",
              "show": false,
              "type": "text",
              "transitive": false,
              "as": "",
              "operator": "="
            },
            "is defined by": {
              "uri": "http://www.w3.org/2000/01/rdf-schema#isDefinedBy",
              "data": "",
              "show": false,
              "type": "text",
              "transitive": false,
              "as": "",
              "operator": "="
            },
            "has definition": {
              "uri": "http://www.w3.org/2004/02/skos/core#definition",
              "data": "",
              "show": false,
              "type": "text",
              "transitive": false,
              "as": "",
              "operator": "="
            }
          },
          "classTransitive": false,
          "classOmmited": false
        },
        {
          "id": 14,
          "data": "?Biological_process___0___URI",
          "label": "BIOLOGICAL_PROCESS",
          "color": "#fe903f",
          "type": "biological_process",
          "varID": 0,
          "graph": "http://rdf.biogateway.eu/graph/go",
          "class": "http://purl.obolibrary.org/obo/GO_0008150",
          "shape": "big ellipse",
          "font": {
            "color": "black"
          },
          "properties": {
            "is instance of": {
              "uri": "http://www.w3.org/1999/02/22-rdf-syntax-ns#type",
              "data": "",
              "show": false,
              "type": "text",
              "transitive": false,
              "as": "",
              "operator": "="
            },
            "rdf-schema#label": {
              "uri": "http://www.w3.org/2000/01/rdf-schema#label",
              "data": "",
              "show": false,
              "type": "text",
              "transitive": false,
              "as": "",
              "operator": "="
            },
            "database_cross_reference": {
              "uri": "http://www.geneontology.org/formats/oboInOwl#hasDbXref",
              "data": "",
              "show": false,
              "type": "text",
              "transitive": false,
              "as": "",
              "operator": "="
            },
            "rdf-schema#comment": {
              "uri": "http://www.w3.org/2000/01/rdf-schema#comment",
              "data": "",
              "show": false,
              "type": "text",
              "transitive": false,
              "as": "",
              "operator": "="
            },
            "has_exact_synonym": {
              "uri": "http://www.geneontology.org/formats/oboInOwl#hasExactSynonym",
              "data": "",
              "show": false,
              "type": "text",
              "transitive": false,
              "as": "",
              "operator": "="
            },
            "oboInOwl#id": {
              "uri": "http://www.geneontology.org/formats/oboInOwl#id",
              "data": "",
              "show": false,
              "type": "text",
              "transitive": false,
              "as": "",
              "operator": "="
            },
            "has_narrow_synonym": {
              "uri": "http://www.geneontology.org/formats/oboInOwl#hasNarrowSynonym",
              "data": "",
              "show": false,
              "type": "text",
              "transitive": false,
              "as": "",
              "operator": "="
            },
            "has_obo_namespace": {
              "uri": "http://www.geneontology.org/formats/oboInOwl#hasOBONamespace",
              "data": "",
              "show": false,
              "type": "text",
              "transitive": false,
              "as": "",
              "operator": "="
            },
            "definition": {
              "uri": "http://purl.obolibrary.org/obo/IAO_0000115",
              "data": "",
              "show": false,
              "type": "text",
              "transitive": false,
              "as": "",
              "operator": "="
            },
            "has_related_synonym": {
              "uri": "http://www.geneontology.org/formats/oboInOwl#hasRelatedSynonym",
              "data": "",
              "show": false,
              "type": "text",
              "transitive": false,
              "as": "",
              "operator": "="
            },
            "has_alternative_id": {
              "uri": "http://www.geneontology.org/formats/oboInOwl#hasAlternativeId",
              "data": "",
              "show": false,
              "type": "text",
              "transitive": false,
              "as": "",
              "operator": "="
            },
            "has_broad_synonym": {
              "uri": "http://www.geneontology.org/formats/oboInOwl#hasBroadSynonym",
              "data": "",
              "show": false,
              "type": "text",
              "transitive": false,
              "as": "",
              "operator": "="
            },
            "in_subset": {
              "uri": "http://www.geneontology.org/formats/oboInOwl#inSubset",
              "data": "",
              "show": false,
              "type": "text",
              "transitive": false,
              "as": "",
              "operator": "="
            },
            "onProperty": {
              "uri": "http://www.w3.org/2002/07/owl#onProperty",
              "data": "",
              "show": false,
              "type": "text",
              "transitive": false,
              "as": "",
              "operator": "="
            }
          },
          "classTransitive": false,
          "classOmmited": false,
          "classOmitted": true
        }
      ],
      "edges": [
        {
          "id": -1,
          "dashes": false,
          "from": 2,
          "to": 3,
          "label": "UNION",
          "data": "UNION",
          "isOptional": false,
          "isTransitive": false,
          "isFromInstance": false,
          "arrows": {
            "to": {
              "enabled": true,
              "scaleFactor": 1,
              "type": "arrow"
            },
            "from": {
              "enabled": true,
              "scaleFactor": 1,
              "type": "arrow"
            }
          },
          "smooth": {
            "enabled": true,
            "type": "curvedCW",
            "roundness": 0.5
          },
          "width": 2,
          "chosen": true,
          "color": {
            "color": "#848484",
            "highlight": "#848484",
            "hover": "#848484",
            "inherit": false
          },
          "isUnion": true
        },
        {
          "id": 0,
          "dashes": false,
          "from": 4,
          "to": 5,
          "label": "subject",
          "data": "http://www.w3.org/1999/02/22-rdf-syntax-ns#subject",
          "isOptional": false,
          "isTransitive": false,
          "isFromInstance": false,
          "arrows": {
            "to": {
              "enabled": true,
              "scaleFactor": 1,
              "type": "arrow"
            },
            "from": {
              "enabled": false
            }
          },
          "smooth": {
            "enabled": false
          },
          "width": 1,
          "chosen": true,
          "color": {
            "color": "#000000",
            "highlight": "#000000",
            "hover": "#000000",
            "inherit": false
          }
        },
        {
          "id": 1,
          "dashes": false,
          "from": 4,
          "to": 6,
          "label": "object",
          "data": "http://www.w3.org/1999/02/22-rdf-syntax-ns#object",
          "isOptional": false,
          "isTransitive": false,
          "isFromInstance": false,
          "arrows": {
            "to": {
              "enabled": true,
              "scaleFactor": 1,
              "type": "arrow"
            },
            "from": {
              "enabled": false
            }
          },
          "smooth": {
            "enabled": false
          },
          "width": 1,
          "chosen": true,
          "color": {
            "color": "#000000",
            "highlight": "#000000",
            "hover": "#000000",
            "inherit": false
          }
        },
        {
          "id": 2,
          "dashes": false,
          "from": 7,
          "to": 5,
          "label": "object",
          "data": "http://www.w3.org/1999/02/22-rdf-syntax-ns#object",
          "isOptional": false,
          "isTransitive": false,
          "isFromInstance": false,
          "arrows": {
            "to": {
              "enabled": true,
              "scaleFactor": 1,
              "type": "arrow"
            },
            "from": {
              "enabled": false
            }
          },
          "smooth": {
            "enabled": false
          },
          "width": 1,
          "chosen": true,
          "color": {
            "color": "#000000",
            "highlight": "#000000",
            "hover": "#000000",
            "inherit": false
          }
        },
        {
          "id": 3,
          "dashes": false,
          "from": 7,
          "to": 8,
          "label": "subject",
          "data": "http://www.w3.org/1999/02/22-rdf-syntax-ns#subject",
          "isOptional": false,
          "isTransitive": false,
          "isFromInstance": false,
          "arrows": {
            "to": {
              "enabled": true,
              "scaleFactor": 1,
              "type": "arrow"
            },
            "from": {
              "enabled": false
            }
          },
          "smooth": {
            "enabled": false
          },
          "width": 1,
          "chosen": true,
          "color": {
            "color": "#000000",
            "highlight": "#000000",
            "hover": "#000000",
            "inherit": false
          }
        },
        {
          "id": 4,
          "dashes": false,
          "from": 8,
          "to": 9,
          "label": "has source",
          "data": "http://semanticscience.org/resource/SIO_000253",
          "isOptional": false,
          "isTransitive": false,
          "isFromInstance": true,
          "arrows": {
            "to": {
              "enabled": true,
              "scaleFactor": 1,
              "type": "arrow"
            },
            "from": {
              "enabled": false
            }
          },
          "smooth": {
            "enabled": false
          },
          "width": 1,
          "chosen": true,
          "color": {
            "color": "#000000",
            "highlight": "#000000",
            "hover": "#000000",
            "inherit": false
          }
        },
        {
          "id": 5,
          "dashes": false,
          "from": 7,
          "to": 10,
          "label": "observed in",
          "data": "http://purl.obolibrary.org/obo/TXPO_0003500",
          "isOptional": false,
          "isTransitive": false,
          "isFromInstance": true,
          "arrows": {
            "to": {
              "enabled": true,
              "scaleFactor": 1,
              "type": "arrow"
            },
            "from": {
              "enabled": false
            }
          },
          "smooth": {
            "enabled": false
          },
          "width": 1,
          "chosen": true,
          "color": {
            "color": "#000000",
            "highlight": "#000000",
            "hover": "#000000",
            "inherit": false
          }
        },
        {
          "id": 6,
          "dashes": false,
          "from": 8,
          "to": 11,
          "label": "involved in positive regulation of",
          "data": "http://purl.obolibrary.org/obo/RO_0002429",
          "isOptional": false,
          "isTransitive": false,
          "isFromInstance": false,
          "arrows": {
            "to": {
              "enabled": true,
              "scaleFactor": 1,
              "type": "arrow"
            },
            "from": {
              "enabled": false
            }
          },
          "smooth": {
            "enabled": false
          },
          "width": 1,
          "chosen": true,
          "color": {
            "color": "#000000",
            "highlight": "#000000",
            "hover": "#000000",
            "inherit": false
          }
        },
        {
          "id": 7,
          "dashes": false,
          "from": 11,
          "to": 12,
          "label": "encodes",
          "data": "http://semanticscience.org/resource/SIO_010078",
          "isOptional": false,
          "isTransitive": false,
          "isFromInstance": false,
          "arrows": {
            "to": {
              "enabled": true,
              "scaleFactor": 1,
              "type": "arrow"
            },
            "from": {
              "enabled": false
            }
          },
          "smooth": {
            "enabled": false
          },
          "width": 1,
          "chosen": true,
          "color": {
            "color": "#000000",
            "highlight": "#000000",
            "hover": "#000000",
            "inherit": false
          }
        },
        {
          "id": 8,
          "dashes": false,
          "from": 13,
          "to": 12,
          "label": "subject",
          "data": "http://www.w3.org/1999/02/22-rdf-syntax-ns#subject",
          "isOptional": false,
          "isTransitive": false,
          "isFromInstance": false,
          "arrows": {
            "to": {
              "enabled": true,
              "scaleFactor": 1,
              "type": "arrow"
            },
            "from": {
              "enabled": false
            }
          },
          "smooth": {
            "enabled": false
          },
          "width": 1,
          "chosen": true,
          "color": {
            "color": "#000000",
            "highlight": "#000000",
            "hover": "#000000",
            "inherit": false
          }
        },
        {
          "id": 9,
          "dashes": false,
          "from": 13,
          "to": 14,
          "label": "object",
          "data": "http://www.w3.org/1999/02/22-rdf-syntax-ns#object",
          "isOptional": false,
          "isTransitive": false,
          "isFromInstance": false,
          "arrows": {
            "to": {
              "enabled": true,
              "scaleFactor": 1,
              "type": "arrow"
            },
            "from": {
              "enabled": false
            }
          },
          "smooth": {
            "enabled": false
          },
          "width": 1,
          "chosen": true,
          "color": {
            "color": "#000000",
            "highlight": "#000000",
            "hover": "#000000",
            "inherit": false
          }
        }
      ],
      "bindings": [],
      "filters": [
        {
          "id": 1714660559239,
          "firstValue": {
            "key": "http://www.w3.org/2004/02/skos/core#prefLabel",
            "category": "text",
            "nodeType": "omim",
            "ids": [
              0
            ],
            "nodeVarID": 0,
            "asLabel": "label",
            "label": "label"
          },
          "comparator": "⊆",
          "secondValue": {
            "label": "breast cancer",
            "custom": true
          }
        }
      ]
    },
    {
      "id": 1,
      "label": "prefLabel",
      "nodes": [
        {
          "id": 0,
          "data": "?Omim___0___URI",
          "label": "OMIM",
          "color": "#d1a689",
          "type": "omim",
          "varID": 0,
          "graph": "http://rdf.biogateway.eu/graph/omim",
          "class": "http://www.w3.org/2002/07/owl#Thing",
          "shape": "big ellipse",
          "font": {
            "color": "black"
          },
          "properties": {
            "is subclass of": {
              "uri": "http://www.w3.org/2000/01/rdf-schema#subClassOf",
              "data": "",
              "show": false,
              "type": "link",
              "transitive": false,
              "as": "",
              "operator": "="
            },
            "Semantic type UMLS property": {
              "uri": "http://bioportal.bioontology.org/ontologies/umls/hasSTY",
              "data": "",
              "show": false,
              "type": "link",
              "transitive": false,
              "as": "",
              "operator": "="
            },
            "Has manifestation": {
              "uri": "http://purl.bioontology.org/ontology/OMIM/has_manifestation",
              "data": "",
              "show": false,
              "type": "link",
              "transitive": false,
              "as": "",
              "operator": "="
            },
            "Has inheritance type": {
              "uri": "http://purl.bioontology.org/ontology/OMIM/has_inheritance_type",
              "data": "",
              "show": false,
              "type": "link",
              "transitive": false,
              "as": "",
              "operator": "="
            },
            "versionInfo": {
              "uri": "http://www.w3.org/2002/07/owl#versionInfo",
              "data": "",
              "show": false,
              "type": "text",
              "transitive": false,
              "as": "",
              "operator": "="
            },
            "tui": {
              "uri": "http://bioportal.bioontology.org/ontologies/umls/tui",
              "data": "",
              "show": false,
              "type": "text",
              "transitive": false,
              "as": "",
              "operator": "="
            },
            "rdf-schema#label": {
              "uri": "http://www.w3.org/2000/01/rdf-schema#label",
              "data": "",
              "show": false,
              "type": "text",
              "transitive": false,
              "as": "",
              "operator": "="
            },
            "has synonym": {
              "uri": "http://www.w3.org/2004/02/skos/core#altLabel",
              "data": "",
              "show": false,
              "type": "text",
              "transitive": false,
              "as": "",
              "operator": "="
            },
            "Gene Symbol": {
              "uri": "http://purl.bioontology.org/ontology/OMIM/GENESYMBOL",
              "data": "",
              "show": false,
              "type": "text",
              "transitive": false,
              "as": "",
              "operator": "="
            },
            "MIMTYPEMEANING": {
              "uri": "http://purl.bioontology.org/ontology/OMIM/MIMTYPEMEANING",
              "data": "",
              "show": false,
              "type": "text",
              "transitive": false,
              "as": "",
              "operator": "="
            },
            "has name": {
              "uri": "http://www.w3.org/2004/02/skos/core#prefLabel",
              "data": "",
              "show": false,
              "type": "text",
              "transitive": false,
              "as": "label",
              "operator": "="
            },
            "Moved from": {
              "uri": "http://purl.bioontology.org/ontology/OMIM/MOVED_FROM",
              "data": "",
              "show": false,
              "type": "text",
              "transitive": false,
              "as": "",
              "operator": "="
            },
            "core#notation": {
              "uri": "http://www.w3.org/2004/02/skos/core#notation",
              "data": "",
              "show": false,
              "type": "text",
              "transitive": false,
              "as": "",
              "operator": "="
            },
            "cui": {
              "uri": "http://bioportal.bioontology.org/ontologies/umls/cui",
              "data": "",
              "show": false,
              "type": "text",
              "transitive": false,
              "as": "",
              "operator": "="
            },
            "OMIM MimType Value": {
              "uri": "http://purl.bioontology.org/ontology/OMIM/MIMTYPEVALUE",
              "data": "",
              "show": false,
              "type": "text",
              "transitive": false,
              "as": "",
              "operator": "="
            },
            "rdf-schema#comment": {
              "uri": "http://www.w3.org/2000/01/rdf-schema#comment",
              "data": "",
              "show": false,
              "type": "text",
              "transitive": false,
              "as": "",
              "operator": "="
            },
            "Gene Locus": {
              "uri": "http://purl.bioontology.org/ontology/OMIM/GENELOCUS",
              "data": "",
              "show": false,
              "type": "text",
              "transitive": false,
              "as": "",
              "operator": "="
            },
            "OMIM Entry Type": {
              "uri": "http://purl.bioontology.org/ontology/OMIM/MIMTYPE",
              "data": "",
              "show": false,
              "type": "text",
              "transitive": false,
              "as": "",
              "operator": "="
            },
            "Scope Statement": {
              "uri": "http://purl.bioontology.org/ontology/OMIM/SOS",
              "data": "",
              "show": false,
              "type": "text",
              "transitive": false,
              "as": "",
              "operator": "="
            },
            "imports": {
              "uri": "http://www.w3.org/2002/07/owl#imports",
              "data": "",
              "show": false,
              "type": "text",
              "transitive": false,
              "as": "",
              "operator": "="
            }
          },
          "classTransitive": false,
          "classOmmited": false,
          "classOmitted": false
        }
      ],
      "edges": [],
      "bindings": [],
      "filters": []
    },
    {
      "id": 2,
      "label": "altLabel",
      "nodes": [
        {
          "id": 1,
          "data": "?Omim___0___URI",
          "label": "OMIM",
          "color": "#d1a689",
          "type": "omim",
          "varID": 0,
          "graph": "http://rdf.biogateway.eu/graph/omim",
          "class": "http://www.w3.org/2002/07/owl#Thing",
          "shape": "big ellipse",
          "font": {
            "color": "black"
          },
          "properties": {
            "is subclass of": {
              "uri": "http://www.w3.org/2000/01/rdf-schema#subClassOf",
              "data": "",
              "show": false,
              "type": "link",
              "transitive": false,
              "as": "",
              "operator": "="
            },
            "Semantic type UMLS property": {
              "uri": "http://bioportal.bioontology.org/ontologies/umls/hasSTY",
              "data": "",
              "show": false,
              "type": "link",
              "transitive": false,
              "as": "",
              "operator": "="
            },
            "Has manifestation": {
              "uri": "http://purl.bioontology.org/ontology/OMIM/has_manifestation",
              "data": "",
              "show": false,
              "type": "link",
              "transitive": false,
              "as": "",
              "operator": "="
            },
            "Has inheritance type": {
              "uri": "http://purl.bioontology.org/ontology/OMIM/has_inheritance_type",
              "data": "",
              "show": false,
              "type": "link",
              "transitive": false,
              "as": "",
              "operator": "="
            },
            "versionInfo": {
              "uri": "http://www.w3.org/2002/07/owl#versionInfo",
              "data": "",
              "show": false,
              "type": "text",
              "transitive": false,
              "as": "",
              "operator": "="
            },
            "tui": {
              "uri": "http://bioportal.bioontology.org/ontologies/umls/tui",
              "data": "",
              "show": false,
              "type": "text",
              "transitive": false,
              "as": "",
              "operator": "="
            },
            "rdf-schema#label": {
              "uri": "http://www.w3.org/2000/01/rdf-schema#label",
              "data": "",
              "show": false,
              "type": "text",
              "transitive": false,
              "as": "",
              "operator": "="
            },
            "has synonym": {
              "uri": "http://www.w3.org/2004/02/skos/core#altLabel",
              "data": "",
              "show": false,
              "type": "text",
              "transitive": false,
              "as": "label",
              "operator": "="
            },
            "Gene Symbol": {
              "uri": "http://purl.bioontology.org/ontology/OMIM/GENESYMBOL",
              "data": "",
              "show": false,
              "type": "text",
              "transitive": false,
              "as": "",
              "operator": "="
            },
            "MIMTYPEMEANING": {
              "uri": "http://purl.bioontology.org/ontology/OMIM/MIMTYPEMEANING",
              "data": "",
              "show": false,
              "type": "text",
              "transitive": false,
              "as": "",
              "operator": "="
            },
            "has name": {
              "uri": "http://www.w3.org/2004/02/skos/core#prefLabel",
              "data": "",
              "show": false,
              "type": "text",
              "transitive": false,
              "as": "",
              "operator": "="
            },
            "Moved from": {
              "uri": "http://purl.bioontology.org/ontology/OMIM/MOVED_FROM",
              "data": "",
              "show": false,
              "type": "text",
              "transitive": false,
              "as": "",
              "operator": "="
            },
            "core#notation": {
              "uri": "http://www.w3.org/2004/02/skos/core#notation",
              "data": "",
              "show": false,
              "type": "text",
              "transitive": false,
              "as": "",
              "operator": "="
            },
            "cui": {
              "uri": "http://bioportal.bioontology.org/ontologies/umls/cui",
              "data": "",
              "show": false,
              "type": "text",
              "transitive": false,
              "as": "",
              "operator": "="
            },
            "OMIM MimType Value": {
              "uri": "http://purl.bioontology.org/ontology/OMIM/MIMTYPEVALUE",
              "data": "",
              "show": false,
              "type": "text",
              "transitive": false,
              "as": "",
              "operator": "="
            },
            "rdf-schema#comment": {
              "uri": "http://www.w3.org/2000/01/rdf-schema#comment",
              "data": "",
              "show": false,
              "type": "text",
              "transitive": false,
              "as": "",
              "operator": "="
            },
            "Gene Locus": {
              "uri": "http://purl.bioontology.org/ontology/OMIM/GENELOCUS",
              "data": "",
              "show": false,
              "type": "text",
              "transitive": false,
              "as": "",
              "operator": "="
            },
            "OMIM Entry Type": {
              "uri": "http://purl.bioontology.org/ontology/OMIM/MIMTYPE",
              "data": "",
              "show": false,
              "type": "text",
              "transitive": false,
              "as": "",
              "operator": "="
            },
            "Scope Statement": {
              "uri": "http://purl.bioontology.org/ontology/OMIM/SOS",
              "data": "",
              "show": false,
              "type": "text",
              "transitive": false,
              "as": "",
              "operator": "="
            },
            "imports": {
              "uri": "http://www.w3.org/2002/07/owl#imports",
              "data": "",
              "show": false,
              "type": "text",
              "transitive": false,
              "as": "",
              "operator": "="
            }
          },
          "classTransitive": false,
          "classOmmited": false,
          "classOmitted": false
        }
      ],
      "edges": [],
      "bindings": [],
      "filters": []
    }
  ],
  "startingVar": {
    "5": {
      "isMetric": false,
      "varID": 0,
      "type": "gene",
      "label": "GENE 0",
      "uri_graph": "http://rdf.biogateway.eu/graph/gene",
      "instance": false,
      "class": true
    },
    "12": {
      "isMetric": false,
      "varID": 0,
      "type": "protein",
      "label": "PROTEIN 0",
      "uri_graph": "http://rdf.biogateway.eu/graph/prot",
      "instance": false,
      "class": true
    },
    "13": {
      "isMetric": false,
      "varID": 0,
      "type": "prot2bp",
      "label": "PROT2BP 0",
      "uri_graph": "http://rdf.biogateway.eu/graph/prot2bp",
      "instance": false,
      "class": true
    }
  },
  "isDistinct": true,
  "isCount": false
}