{
  "graphs": [
    {
      "id": 0,
      "label": "Default",
      "nodes": [
        {
          "id": 0,
          "data": "?Crm___0___URI",
          "label": "CRM",
          "color": "#86cccc",
          "type": "crm",
          "varID": 0,
          "graph": "http://rdf.biogateway.eu/graph/crm",
          "class": "http://purl.obolibrary.org/obo/SO_0000727",
          "shape": "big ellipse",
          "font": {
            "color": "black"
          },
          "properties": {
            "is instance of": {
              "uri": "http://www.w3.org/1999/02/22-rdf-syntax-ns#type",
              "data": "",
              "show": false,
              "type": "text",
              "transitive": false,
              "as": "",
              "operator": "="
            },
            "in taxon": {
              "uri": "http://purl.obolibrary.org/obo/RO_0002162",
              "data": "",
              "show": false,
              "type": "link",
              "transitive": false,
              "as": "",
              "operator": "="
            },
            "involved in positive regulation of": {
              "uri": "http://purl.obolibrary.org/obo/RO_0002429",
              "data": "",
              "show": false,
              "type": "text",
              "transitive": false,
              "as": "",
              "operator": "="
            },
            "end position": {
              "uri": "http://purl.obolibrary.org/obo/GENO_0000895",
              "data": "",
              "show": false,
              "type": "number",
              "transitive": false,
              "as": "",
              "operator": "="
            },
            "has definition": {
              "uri": "http://www.w3.org/2004/02/skos/core#definition",
              "data": "",
              "show": false,
              "type": "text",
              "transitive": false,
              "as": "",
              "operator": "="
            },
            "start position": {
              "uri": "http://purl.obolibrary.org/obo/GENO_0000894",
              "data": "",
              "show": false,
              "type": "number",
              "transitive": false,
              "as": "",
              "operator": "="
            },
            "has name": {
              "uri": "http://www.w3.org/2004/02/skos/core#prefLabel",
              "data": "",
              "show": false,
              "type": "text",
              "transitive": false,
              "as": "",
              "operator": "="
            },
            "is defined by": {
              "uri": "http://www.w3.org/2000/01/rdf-schema#isDefinedBy",
              "data": "",
              "show": false,
              "type": "text",
              "transitive": false,
              "as": "",
              "operator": "="
            }
          }
        },
        {
          "id": 1,
          "data": [
            "http://purl.bioontology.org/ontology/OMIM/114480",
            "http://purl.obolibrary.org/obo/DOID_1612",
            "https://id.nlm.nih.gov/mesh/D001943"
          ],
          "label": "http://purl.bioontology.org/ontology/OMIM/114480\nhttp://purl.obolibrary.org/obo/DOID_1612\nhttps://id.nlm.nih.gov/mesh/D001943",
          "color": "#D3D3D3",
          "type": "uri",
          "varID": -1,
          "graph": "",
          "class": [
            "http://purl.bioontology.org/ontology/OMIM/114480",
            "http://purl.obolibrary.org/obo/DOID_1612",
            "https://id.nlm.nih.gov/mesh/D001943"
          ],
          "shape": "box",
          "font": {
            "color": "black"
          },
          "properties": {}
        },
        {
          "id": 3,
          "data": "?Gene___0___URI",
          "label": "GENE",
          "color": "#3db1fe",
          "type": "gene",
          "varID": 0,
          "graph": "http://rdf.biogateway.eu/graph/gene",
          "class": "http://semanticscience.org/resource/SIO_010035",
          "shape": "big ellipse",
          "font": {
            "color": "black"
          },
          "properties": {
            "part of": {
              "uri": "http://purl.obolibrary.org/obo/BFO_0000050",
              "data": "",
              "show": false,
              "type": "text",
              "transitive": false,
              "as": "",
              "operator": "="
            },
            "in taxon": {
              "uri": "http://purl.obolibrary.org/obo/RO_0002162",
              "data": "",
              "show": false,
              "type": "link",
              "transitive": false,
              "as": "",
              "operator": "="
            },
            "is instance of": {
              "uri": "http://www.w3.org/1999/02/22-rdf-syntax-ns#type",
              "data": "",
              "show": false,
              "type": "text",
              "transitive": false,
              "as": "",
              "operator": "="
            },
            "start position": {
              "uri": "http://purl.obolibrary.org/obo/GENO_0000894",
              "data": "",
              "show": false,
              "type": "number",
              "transitive": false,
              "as": "",
              "operator": "="
            },
            "has synonym": {
              "uri": "http://www.w3.org/2004/02/skos/core#altLabel",
              "data": "",
              "show": false,
              "type": "text",
              "transitive": false,
              "as": "",
              "operator": "="
            },
            "has definition": {
              "uri": "http://www.w3.org/2004/02/skos/core#definition",
              "data": "",
              "show": false,
              "type": "text",
              "transitive": false,
              "as": "",
              "operator": "="
            },
            "has name": {
              "uri": "http://www.w3.org/2004/02/skos/core#prefLabel",
              "data": "",
              "show": false,
              "type": "text",
              "transitive": false,
              "as": "",
              "operator": "="
            },
            "end position": {
              "uri": "http://purl.obolibrary.org/obo/GENO_0000895",
              "data": "",
              "show": false,
              "type": "number",
              "transitive": false,
              "as": "",
              "operator": "="
            }
          }
        },
        {
          "id": 5,
          "data": "?Omim___0___URI",
          "label": "OMIM",
          "color": "#d1a689",
          "type": "omim",
          "varID": 0,
          "graph": "http://rdf.biogateway.eu/graph/omim",
          "class": "http://www.w3.org/2002/07/owl#Thing",
          "shape": "big ellipse",
          "font": {
            "color": "black"
          },
          "properties": {
            "is subclass of": {
              "uri": "http://www.w3.org/2000/01/rdf-schema#subClassOf",
              "data": "",
              "show": false,
              "type": "link",
              "transitive": false,
              "as": "",
              "operator": "="
            },
            "Semantic type UMLS property": {
              "uri": "http://bioportal.bioontology.org/ontologies/umls/hasSTY",
              "data": "",
              "show": false,
              "type": "link",
              "transitive": false,
              "as": "",
              "operator": "="
            },
            "Has inheritance type": {
              "uri": "http://purl.bioontology.org/ontology/OMIM/has_inheritance_type",
              "data": "",
              "show": false,
              "type": "link",
              "transitive": false,
              "as": "",
              "operator": "="
            },
            "Has manifestation": {
              "uri": "http://purl.bioontology.org/ontology/OMIM/has_manifestation",
              "data": "",
              "show": false,
              "type": "link",
              "transitive": false,
              "as": "",
              "operator": "="
            },
            "rdf-schema#label": {
              "uri": "http://www.w3.org/2000/01/rdf-schema#label",
              "data": "",
              "show": false,
              "type": "text",
              "transitive": false,
              "as": "",
              "operator": "="
            },
            "cui": {
              "uri": "http://bioportal.bioontology.org/ontologies/umls/cui",
              "data": "",
              "show": false,
              "type": "text",
              "transitive": false,
              "as": "",
              "operator": "="
            },
            "versionInfo": {
              "uri": "http://www.w3.org/2002/07/owl#versionInfo",
              "data": "",
              "show": false,
              "type": "text",
              "transitive": false,
              "as": "",
              "operator": "="
            },
            "rdf-schema#comment": {
              "uri": "http://www.w3.org/2000/01/rdf-schema#comment",
              "data": "",
              "show": false,
              "type": "text",
              "transitive": false,
              "as": "",
              "operator": "="
            },
            "has synonym": {
              "uri": "http://www.w3.org/2004/02/skos/core#altLabel",
              "data": "",
              "show": false,
              "type": "text",
              "transitive": false,
              "as": "",
              "operator": "="
            },
            "Gene Locus": {
              "uri": "http://purl.bioontology.org/ontology/OMIM/GENELOCUS",
              "data": "",
              "show": false,
              "type": "text",
              "transitive": false,
              "as": "",
              "operator": "="
            },
            "tui": {
              "uri": "http://bioportal.bioontology.org/ontologies/umls/tui",
              "data": "",
              "show": false,
              "type": "text",
              "transitive": false,
              "as": "",
              "operator": "="
            },
            "OMIM Entry Type": {
              "uri": "http://purl.bioontology.org/ontology/OMIM/MIMTYPE",
              "data": "",
              "show": false,
              "type": "text",
              "transitive": false,
              "as": "",
              "operator": "="
            },
            "MIMTYPEMEANING": {
              "uri": "http://purl.bioontology.org/ontology/OMIM/MIMTYPEMEANING",
              "data": "",
              "show": false,
              "type": "text",
              "transitive": false,
              "as": "",
              "operator": "="
            },
            "Gene Symbol": {
              "uri": "http://purl.bioontology.org/ontology/OMIM/GENESYMBOL",
              "data": "",
              "show": false,
              "type": "text",
              "transitive": false,
              "as": "",
              "operator": "="
            },
            "has name": {
              "uri": "http://www.w3.org/2004/02/skos/core#prefLabel",
              "data": "",
              "show": false,
              "type": "text",
              "transitive": false,
              "as": "",
              "operator": "="
            },
            "OMIM MimType Value": {
              "uri": "http://purl.bioontology.org/ontology/OMIM/MIMTYPEVALUE",
              "data": "",
              "show": false,
              "type": "text",
              "transitive": false,
              "as": "",
              "operator": "="
            },
            "Moved from": {
              "uri": "http://purl.bioontology.org/ontology/OMIM/MOVED_FROM",
              "data": "",
              "show": false,
              "type": "text",
              "transitive": false,
              "as": "",
              "operator": "="
            },
            "Scope Statement": {
              "uri": "http://purl.bioontology.org/ontology/OMIM/SOS",
              "data": "",
              "show": false,
              "type": "text",
              "transitive": false,
              "as": "",
              "operator": "="
            },
            "core#notation": {
              "uri": "http://www.w3.org/2004/02/skos/core#notation",
              "data": "",
              "show": false,
              "type": "text",
              "transitive": false,
              "as": "",
              "operator": "="
            },
            "imports": {
              "uri": "http://www.w3.org/2002/07/owl#imports",
              "data": "",
              "show": false,
              "type": "text",
              "transitive": false,
              "as": "",
              "operator": "="
            }
          }
        },
        {
          "id": 6,
          "data": "?Tfac2gene___0___URI",
          "label": "TFAC2GENE",
          "color": "#deb1d2",
          "type": "tfac2gene",
          "varID": 0,
          "graph": "http://rdf.biogateway.eu/graph/tfac2gene",
          "class": "Triplet",
          "shape": "big ellipse",
          "font": {
            "color": "black"
          },
          "properties": {
            "is defined by": {
              "uri": "http://www.w3.org/2000/01/rdf-schema#isDefinedBy",
              "data": "",
              "show": false,
              "type": "text",
              "transitive": false,
              "as": "",
              "operator": "="
            },
            "subject": {
              "uri": "http://www.w3.org/1999/02/22-rdf-syntax-ns#subject",
              "data": "",
              "show": false,
              "type": "text",
              "transitive": false,
              "as": "",
              "operator": "="
            },
            "is subclass of": {
              "uri": "http://www.w3.org/2000/01/rdf-schema#subClassOf",
              "data": "",
              "show": false,
              "type": "text",
              "transitive": false,
              "as": "",
              "operator": "="
            },
            "object": {
              "uri": "http://www.w3.org/1999/02/22-rdf-syntax-ns#object",
              "data": "",
              "show": false,
              "type": "text",
              "transitive": false,
              "as": "",
              "operator": "="
            },
            "has source": {
              "uri": "http://semanticscience.org/resource/SIO_000253",
              "data": "",
              "show": false,
              "type": "text",
              "transitive": false,
              "as": "",
              "operator": "="
            },
            "involved in": {
              "uri": "http://purl.obolibrary.org/obo/RO_0002331",
              "data": "",
              "show": false,
              "type": "text",
              "transitive": false,
              "as": "",
              "operator": "="
            },
            "has evidence": {
              "uri": "http://semanticscience.org/resource/SIO_000772",
              "data": "",
              "show": false,
              "type": "text",
              "transitive": false,
              "as": "",
              "operator": "="
            },
            "is instance of": {
              "uri": "http://www.w3.org/1999/02/22-rdf-syntax-ns#type",
              "data": "",
              "show": false,
              "type": "text",
              "transitive": false,
              "as": "",
              "operator": "="
            },
            "predicte": {
              "uri": "http://www.w3.org/1999/02/22-rdf-syntax-ns#predicate",
              "data": "",
              "show": false,
              "type": "text",
              "transitive": false,
              "as": "",
              "operator": "="
            },
            "has definition": {
              "uri": "http://www.w3.org/2004/02/skos/core#definition",
              "data": "",
              "show": false,
              "type": "text",
              "transitive": false,
              "as": "",
              "operator": "="
            },
            "has evidence level": {
              "uri": "http://schema.org/evidenceLevel",
              "data": "",
              "show": false,
              "type": "text",
              "transitive": false,
              "as": "",
              "operator": "="
            },
            "involved in regulation of": {
              "uri": "http://purl.obolibrary.org/obo/RO_0002428",
              "data": "",
              "show": false,
              "type": "text",
              "transitive": false,
              "as": "",
              "operator": "="
            },
            "involved in negative regulation of": {
              "uri": "http://purl.obolibrary.org/obo/RO_0002430",
              "data": "",
              "show": false,
              "type": "text",
              "transitive": false,
              "as": "",
              "operator": "="
            },
            "involved in positive regulation of": {
              "uri": "http://purl.obolibrary.org/obo/RO_0002429",
              "data": "",
              "show": false,
              "type": "text",
              "transitive": false,
              "as": "",
              "operator": "="
            },
            "has name": {
              "uri": "http://www.w3.org/2004/02/skos/core#prefLabel",
              "data": "",
              "show": false,
              "type": "text",
              "transitive": false,
              "as": "",
              "operator": "="
            }
          }
        },
        {
          "id": 7,
          "data": "?Protein___0___URI",
          "label": "PROTEIN",
          "color": "#27e5ff",
          "type": "protein",
          "varID": 0,
          "graph": "http://rdf.biogateway.eu/graph/prot",
          "class": "http://semanticscience.org/resource/SIO_010043",
          "shape": "big ellipse",
          "font": {
            "color": "black"
          },
          "properties": {
            "is instance of": {
              "uri": "http://www.w3.org/1999/02/22-rdf-syntax-ns#type",
              "data": "",
              "show": false,
              "type": "text",
              "transitive": false,
              "as": "",
              "operator": "="
            },
            "enables": {
              "uri": "http://purl.obolibrary.org/obo/RO_0002327",
              "data": "",
              "show": false,
              "type": "link",
              "transitive": false,
              "as": "",
              "operator": "="
            },
            "part of": {
              "uri": "http://purl.obolibrary.org/obo/BFO_0000050",
              "data": "",
              "show": false,
              "type": "link",
              "transitive": false,
              "as": "",
              "operator": "="
            },
            "involved in": {
              "uri": "http://purl.obolibrary.org/obo/RO_0002331",
              "data": "",
              "show": false,
              "type": "link",
              "transitive": false,
              "as": "",
              "operator": "="
            },
            "in taxon": {
              "uri": "http://purl.obolibrary.org/obo/RO_0002162",
              "data": "",
              "show": false,
              "type": "link",
              "transitive": false,
              "as": "",
              "operator": "="
            },
            "is orthologous to": {
              "uri": "http://semanticscience.org/resource/SIO_000558",
              "data": "",
              "show": false,
              "type": "text",
              "transitive": false,
              "as": "",
              "operator": "="
            },
            "has synonym": {
              "uri": "http://www.w3.org/2004/02/skos/core#altLabel",
              "data": "",
              "show": false,
              "type": "text",
              "transitive": false,
              "as": "",
              "operator": "="
            },
            "has name": {
              "uri": "http://www.w3.org/2004/02/skos/core#prefLabel",
              "data": "",
              "show": false,
              "type": "text",
              "transitive": false,
              "as": "",
              "operator": "="
            },
            "has definition": {
              "uri": "http://www.w3.org/2004/02/skos/core#definition",
              "data": "",
              "show": false,
              "type": "text",
              "transitive": false,
              "as": "",
              "operator": "="
            },
            "has evidence level": {
              "uri": "http://schema.org/evidenceLevel",
              "data": "",
              "show": false,
              "type": "text",
              "transitive": false,
              "as": "",
              "operator": "="
            }
          }
        }
      ],
      "edges": [
        {
          "id": 0,
          "dashes": false,
          "from": 0,
          "to": 1,
          "label": "involved in",
          "data": "http://purl.obolibrary.org/obo/RO_0002331",
          "isOptional": false,
          "isTransitive": false,
          "isFromInstance": false,
          "arrows": {
            "to": {
              "enabled": true,
              "scaleFactor": 1,
              "type": "arrow"
            },
            "from": {
              "enabled": false
            }
          },
          "smooth": {
            "enabled": false
          },
          "width": 1,
          "chosen": true,
          "color": {
            "color": "#000000",
            "highlight": "#000000",
            "hover": "#000000",
            "inherit": false
          }
        },
        {
          "id": 3,
          "dashes": false,
          "from": 0,
          "to": 5,
          "label": "involved in",
          "data": "http://purl.obolibrary.org/obo/RO_0002331",
          "isOptional": false,
          "isTransitive": false,
          "isFromInstance": false,
          "arrows": {
            "to": {
              "enabled": true,
              "scaleFactor": 1,
              "type": "arrow"
            },
            "from": {
              "enabled": false
            }
          },
          "smooth": {
            "enabled": false
          },
          "width": 1,
          "chosen": true,
          "color": {
            "color": "#000000",
            "highlight": "#000000",
            "hover": "#000000",
            "inherit": false
          }
        },
        {
          "id": 4,
          "dashes": false,
          "from": 6,
          "to": 3,
          "label": "object",
          "data": "http://www.w3.org/1999/02/22-rdf-syntax-ns#object",
          "isOptional": false,
          "isTransitive": false,
          "isFromInstance": false,
          "arrows": {
            "to": {
              "enabled": true,
              "scaleFactor": 1,
              "type": "arrow"
            },
            "from": {
              "enabled": false
            }
          },
          "smooth": {
            "enabled": false
          },
          "width": 1,
          "chosen": true,
          "color": {
            "color": "#000000",
            "highlight": "#000000",
            "hover": "#000000",
            "inherit": false
          }
        },
        {
          "id": 5,
          "dashes": false,
          "from": 6,
          "to": 7,
          "label": "subject",
          "data": "http://www.w3.org/1999/02/22-rdf-syntax-ns#subject",
          "isOptional": false,
          "isTransitive": false,
          "isFromInstance": false,
          "arrows": {
            "to": {
              "enabled": true,
              "scaleFactor": 1,
              "type": "arrow"
            },
            "from": {
              "enabled": false
            }
          },
          "smooth": {
            "enabled": false
          },
          "width": 1,
          "chosen": true,
          "color": {
            "color": "#000000",
            "highlight": "#000000",
            "hover": "#000000",
            "inherit": false
          }
        },
        {
          "id": 6,
          "dashes": false,
          "from": 0,
          "to": 3,
          "label": "involved in positive regulation of",
          "data": "http://purl.obolibrary.org/obo/RO_0002429",
          "isOptional": false,
          "isTransitive": false,
          "isFromInstance": false,
          "arrows": {
            "to": {
              "enabled": true,
              "scaleFactor": 1,
              "type": "arrow"
            },
            "from": {
              "enabled": false
            }
          },
          "smooth": {
            "enabled": false
          },
          "width": 1,
          "chosen": true,
          "color": {
            "color": "#000000",
            "highlight": "#000000",
            "hover": "#000000",
            "inherit": false
          }
        }
      ],
      "bindings": [],
      "filters": []
    }
  ],
  "startingVar": {
    "3": {
      "isMetric": false,
      "varID": 0,
      "type": "gene",
      "label": "GENE 0",
      "uri_graph": "http://rdf.biogateway.eu/graph/gene",
      "instance": false,
      "class": true
    },
    "7": {
      "isMetric": false,
      "varID": 0,
      "type": "protein",
      "label": "PROTEIN 0",
      "uri_graph": "http://rdf.biogateway.eu/graph/prot",
      "instance": false,
      "class": true
    }
  },
  "isDistinct": true,
  "isCount": true
}